id,first_name,last_name,email,gender,Car make,Car model,Car year
1,Lucine,Allworthy,lallworthy0@craigslist.org,Female,GMC,Savana 3500,2007
2,Edgard,Demanche,edemanche1@furl.net,Male,Honda,Civic,2004
3,Temp,Lappine,tlappine2@ezinearticles.com,Male,Subaru,SVX,1996
4,Carlos,Haggerty,chaggerty3@cpanel.net,Polygender,Mazda,MX-5,2004
5,Shaw,Murrigan,smurrigan4@cnn.com,Male,Dodge,Charger,2006
6,Hilliard,Slym,hslym5@friendfeed.com,Male,Mercedes-Benz,300SD,1992
7,Editha,Bonnette,ebonnette6@photobucket.com,Female,Mitsubishi,Outlander,2008
8,Lorin,Newns,lnewns7@gov.uk,Male,Plymouth,Grand Voyager,1996
9,Skelly,Reimer,sreimer8@yellowpages.com,Male,GMC,Savana 3500,2003
10,Gearard,Wenn,gwenn9@npr.org,Male,Ford,Bronco,1996
11,Edi,Pidgin,epidgina@icq.com,Female,GMC,Yukon XL 2500,2005
12,Urbain,Hursey,uhurseyb@yellowbook.com,Male,Ford,Tempo,1993
13,Adolphe,Thomazin,athomazinc@hexun.com,Male,Ford,Thunderbird,1988
14,Celestine,Blues,cbluesd@go.com,Female,Ford,Explorer Sport Trac,2003
15,Sidney,Dyne,sdynee@nature.com,Male,Suzuki,Reno,2006
16,Quincey,Dangerfield,qdangerfieldf@ameblo.jp,Male,Infiniti,J,1997
17,Mal,Abrahmson,mabrahmsong@xing.com,Male,Toyota,MR2,2004
18,Christophe,Potticary,cpotticaryh@artisteer.com,Male,Porsche,911,2001
19,Isiahi,Cheson,ichesoni@infoseek.co.jp,Male,Honda,Pilot,2004
20,Nat,Netherwood,nnetherwoodj@last.fm,Male,Porsche,944,1983
21,Gilburt,Sterman,gstermank@time.com,Male,Mitsubishi,Mirage,2002
22,Ariella,Strowthers,astrowthersl@msn.com,Female,Dodge,Nitro,2011
23,Dana,Hartigan,dhartiganm@economist.com,Female,Maserati,Spyder,2003
24,Brewster,Merveille,bmerveillen@drupal.org,Male,Alfa Romeo,Spider,1992
25,Christyna,Kinton,ckintono@java.com,Female,Saturn,VUE,2003
26,Alvy,Wragg,awraggp@nytimes.com,Male,Chevrolet,Blazer,2001
27,Britni,Aleksidze,baleksidzeq@comcast.net,Female,Pontiac,Grand Prix,1962
28,Clement,Caunce,ccauncer@php.net,Male,Suzuki,Esteem,1998
29,Ofella,Bangley,obangleys@dmoz.org,Female,Pontiac,Montana,2001
30,Bax,Ketchell,bketchellt@tiny.cc,Male,Mazda,B-Series,1996
31,Serge,Hebbard,shebbardu@hubpages.com,Male,Toyota,Corolla,2000
32,Lexi,Clineck,lclineckv@patch.com,Female,Subaru,XT,1986
33,Antony,Callum,acallumw@alibaba.com,Male,Dodge,Journey,2009
34,Mel,Cowsby,mcowsbyx@theguardian.com,Male,Audi,A6,2006
35,Reamonn,Matyukon,rmatyukony@hibu.com,Male,Mitsubishi,Galant,2010
36,Adara,Wyatt,awyattz@google.cn,Female,Honda,Civic,2005
37,Ado,Rowles,arowles10@hibu.com,Bigender,Hyundai,Elantra,2001
38,Isac,Banasiak,ibanasiak11@mail.ru,Male,Ford,Thunderbird,1955
39,Abraham,Jakubovski,ajakubovski12@china.com.cn,Male,Ford,Mustang,1995
40,Olly,Hobbema,ohobbema13@patch.com,Male,Chrysler,Town & Country,1994
41,Tab,Allott,tallott14@nationalgeographic.com,Male,Dodge,D350,1992
42,Nomi,Fidler,nfidler15@berkeley.edu,Female,Mercedes-Benz,CLK-Class,1999
43,Slade,Troup,stroup16@gizmodo.com,Male,Ford,Taurus,2011
44,Pearce,Stockton,pstockton17@oracle.com,Male,Maserati,GranSport,2006
45,Bryan,Denniss,bdenniss18@independent.co.uk,Male,Audi,riolet,1995
46,Lynnea,MacCambridge,lmaccambridge19@bandcamp.com,Female,Mercedes-Benz,E-Class,1999
47,Willette,Milton,wmilton1a@github.com,Female,Buick,Riviera,1987
48,Bethanne,Turone,bturone1b@reference.com,Female,Lincoln,Zephyr,2006
49,Rafferty,Van der Veldt,rvanderveldt1c@oaic.gov.au,Male,Ford,Aerostar,1995
50,Lou,Coucher,lcoucher1d@jigsy.com,Male,Lincoln,Navigator,2010
51,Mahmud,Baser,mbaser1e@flavors.me,Male,Dodge,Dakota Club,2006
52,Susannah,Shale,sshale1f@macromedia.com,Female,Ford,Explorer Sport,2001
53,Zacharias,Petrasch,zpetrasch1g@wikispaces.com,Male,Lotus,Exige,2007
54,Renaldo,Motto,rmotto1h@istockphoto.com,Male,Lincoln,Blackwood,2003
55,Crysta,Hinksen,chinksen1i@sogou.com,Female,Ford,Probe,1994
56,Morgana,Aimer,maimer1j@ft.com,Female,Saturn,Astra,2008
57,Mellicent,Vinson,mvinson1k@google.es,Female,GMC,Yukon XL 2500,2008
58,Zitella,Verralls,zverralls1l@umich.edu,Female,Land Rover,LR2,2010
59,Stacia,Nayshe,snayshe1m@1und1.de,Female,Pontiac,Grand Am,1986
60,Wallace,Mingauld,wmingauld1n@gmpg.org,Genderfluid,Suzuki,Reno,2007
61,Evy,Berthe,eberthe1o@usda.gov,Female,Toyota,TundraMax,2007
62,Berny,Oldfield-Cherry,boldfieldcherry1p@t.co,Male,Toyota,Avalon,1996
63,Petunia,Farny,pfarny1q@hhs.gov,Female,Mazda,Protege,2000
64,Alphonso,Gerardeaux,agerardeaux1r@goo.ne.jp,Male,Bentley,Continental Flying Spur,2007
65,Susann,Kernan,skernan1s@bing.com,Female,Mercedes-Benz,CL-Class,1999
66,Fernandina,Cheshire,fcheshire1t@rakuten.co.jp,Female,Ford,Fusion,2009
67,Aguie,Hoggan,ahoggan1u@newyorker.com,Male,Chevrolet,Sportvan G20,1994
68,Sabrina,Dymocke,sdymocke1v@bloomberg.com,Female,Buick,LeSabre,1986
69,Cameron,Maine,cmaine1w@mapy.cz,Male,GMC,Yukon XL 1500,2001
70,Cullen,Peake,cpeake1x@auda.org.au,Male,Volvo,V70,2007
71,Heida,MacTerrelly,hmacterrelly1y@wisc.edu,Female,Chevrolet,Cruze,2012
72,Augie,Diment,adiment1z@nbcnews.com,Male,Toyota,Corolla,2011
73,Gayla,Duling,gduling20@yelp.com,Female,Honda,Prelude,2000
74,Calvin,Beadnall,cbeadnall21@prnewswire.com,Bigender,Lamborghini,Gallardo,2008
75,Koral,Beceril,kbeceril22@census.gov,Female,Ford,Torino,1970
76,Josy,Smallman,jsmallman23@wikipedia.org,Female,Land Rover,Range Rover Sport,2011
77,Caresse,Ritmeier,critmeier24@go.com,Female,BMW,3 Series,1993
78,Salvidor,Ismirnioglou,sismirnioglou25@last.fm,Male,Geo,Metro,1992
79,Orrin,Meadus,omeadus26@china.com.cn,Male,Oldsmobile,Alero,1999
80,Chico,Harmant,charmant27@admin.ch,Male,Chevrolet,Prizm,1999
81,Eden,Venour,evenour28@ucla.edu,Female,Hyundai,Sonata,2013
82,Shurlock,Trevethan,strevethan29@artisteer.com,Male,Volkswagen,GTI,1991
83,Neilla,Darnbrough,ndarnbrough2a@oaic.gov.au,Genderqueer,Cadillac,SRX,2011
84,Morgun,Gateman,mgateman2b@bing.com,Male,Scion,xB,2005
85,Walther,Fosse,wfosse2c@technorati.com,Male,Hyundai,Accent,1997
86,Julina,Strover,jstrover2d@google.com.br,Female,Plymouth,Voyager,1985
87,Veriee,Wilstead,vwilstead2e@whitehouse.gov,Female,Scion,xA,2006
88,Hyacinth,Mathelin,hmathelin2f@hostgator.com,Female,Mercedes-Benz,SL-Class,1986
89,Kingston,Stiger,kstiger2g@myspace.com,Genderfluid,Toyota,Tacoma,2005
90,Billie,Seamen,bseamen2h@constantcontact.com,Agender,Lexus,LS,2008
91,Arabela,Bewicke,abewicke2i@webeden.co.uk,Female,Plymouth,Voyager,1994
92,Zackariah,Wendover,zwendover2j@discovery.com,Male,Dodge,Colt,1993
93,Lula,Epelett,lepelett2k@free.fr,Female,Audi,A4,1997
94,Geoffrey,Hurburt,ghurburt2l@ovh.net,Male,Honda,Civic,1989
95,Chrotoem,Birdwhistle,cbirdwhistle2m@ox.ac.uk,Male,Saab,900,1990
96,Carlyle,Maberley,cmaberley2n@issuu.com,Male,Mercedes-Benz,M-Class,2005
97,Cory,Eldritt,celdritt2o@mail.ru,Genderqueer,Aston Martin,V8 Vantage,2011
98,Neal,Saxelby,nsaxelby2p@ning.com,Male,Austin,Mini Cooper,1961
99,Bing,Parsell,bparsell2q@g.co,Agender,Ford,Explorer,1994
100,Sander,Kersting,skersting2r@360.cn,Male,Dodge,Grand Caravan,1992
101,Ronna,Stockdale,rstockdale2s@ifeng.com,Female,BMW,M3,2010
102,Damiano,Elcoate,delcoate2t@i2i.jp,Male,Chevrolet,Monte Carlo,2002
103,Felic,Paxforde,fpaxforde2u@mit.edu,Male,Lexus,IS-F,2009
104,Flem,Screen,fscreen2v@forbes.com,Male,Rolls-Royce,Phantom,2007
105,Emmett,Wolters,ewolters2w@blinklist.com,Male,Acura,TL,1999
106,Krispin,Serrels,kserrels2x@sogou.com,Male,Oldsmobile,Alero,2002
107,Zabrina,Gerner,zgerner2y@businesswire.com,Female,Plymouth,Grand Voyager,1998
108,Lucinda,Dowzell,ldowzell2z@java.com,Female,Isuzu,Trooper,2002
109,Maye,Lerwill,mlerwill30@dropbox.com,Female,Buick,LeSabre,2000
110,Jsandye,Marikhin,jmarikhin31@arstechnica.com,Female,Saab,900,1990
111,Ardeen,Yantsev,ayantsev32@whitehouse.gov,Female,BMW,M5,2001
112,Margie,Cheyney,mcheyney33@army.mil,Female,BMW,M3,2004
113,Quintina,Lyard,qlyard34@tuttocitta.it,Female,Pontiac,Grand Am,1994
114,Barbaraanne,Eisikowitch,beisikowitch35@pbs.org,Genderqueer,Chevrolet,Express 1500,2003
115,Lorie,Abbis,labbis36@engadget.com,Female,GMC,Savana,2006
116,Rocky,Bissatt,rbissatt37@ow.ly,Male,Lincoln,Navigator,2007
117,Kari,Sutliff,ksutliff38@jimdo.com,Female,Mitsubishi,Montero,1992
118,Yevette,Haggerston,yhaggerston39@printfriendly.com,Female,Rolls-Royce,Phantom,2005
119,Steffen,Custance,scustance3a@studiopress.com,Male,Lincoln,Mark LT,2008
120,Bank,Jarrett,bjarrett3b@irs.gov,Male,Panoz,Esperante,2006
121,Nonah,Ambrosoli,nambrosoli3c@macromedia.com,Female,Acura,TL,2006
122,Clemente,Sizland,csizland3d@zimbio.com,Bigender,Maybach,57,2012
123,Trixi,McClaughlin,tmcclaughlin3e@plala.or.jp,Female,Mitsubishi,3000GT,1995
124,Leonardo,Elflain,lelflain3f@diigo.com,Male,Toyota,Paseo,1994
125,Bary,Lennard,blennard3g@nifty.com,Male,Pontiac,LeMans,1988
126,Faun,Hansill,fhansill3h@squidoo.com,Female,Mercedes-Benz,S-Class,2002
127,Christabella,Revan,crevan3i@yolasite.com,Female,BMW,5 Series,1992
128,Nevin,Boast,nboast3j@huffingtonpost.com,Male,Ford,Galaxie,1966
129,Sephira,Aingel,saingel3k@taobao.com,Female,Mitsubishi,3000GT,1994
130,Karolina,McReath,kmcreath3l@dmoz.org,Genderqueer,Toyota,MR2,1987
131,Jannel,Balassi,jbalassi3m@adobe.com,Female,Honda,Ridgeline,2012
132,Winona,Johnys,wjohnys3n@earthlink.net,Female,Infiniti,J,1995
133,Corney,Hammerman,chammerman3o@un.org,Male,Toyota,Prius,2010
134,Pedro,Ellens,pellens3p@fastcompany.com,Male,Hummer,H3,2010
135,Tonnie,Trapp,ttrapp3q@oracle.com,Male,Mitsubishi,Eclipse,2005
136,Ernst,Ridger,eridger3r@dedecms.com,Male,Toyota,Paseo,1993
137,Ellie,Aberchirder,eaberchirder3s@dmoz.org,Female,Hyundai,Tucson,2012
138,Raquel,Heindrich,rheindrich3t@cpanel.net,Female,Mercury,Villager,1999
139,Bertrando,Minchin,bminchin3u@nsw.gov.au,Male,GMC,Envoy,2009
140,Iona,Freer,ifreer3v@statcounter.com,Female,Infiniti,M,2012
141,Berty,McClymond,bmcclymond3w@netlog.com,Male,Chrysler,New Yorker,1993
142,Francisca,McEnteggart,fmcenteggart3x@livejournal.com,Female,Chevrolet,S10 Blazer,1992
143,Abbe,Rowcastle,arowcastle3y@clickbank.net,Male,Oldsmobile,Cutlass Cruiser,1994
144,Kaylee,Kenealy,kkenealy3z@google.cn,Female,Volkswagen,Passat,2003
145,Yevette,Spitell,yspitell40@twitter.com,Female,BMW,Z4,2011
146,Elysha,Jobes,ejobes41@artisteer.com,Female,Volkswagen,Type 2,1987
147,Bond,Delete,bdelete42@twitpic.com,Male,Plymouth,Colt,1994
148,Israel,Cisneros,icisneros43@friendfeed.com,Male,Plymouth,Grand Voyager,2000
149,Betteann,Marsay,bmarsay44@xing.com,Female,Mercedes-Benz,S-Class,2010
150,Rodrigo,Durtnel,rdurtnel45@purevolume.com,Male,Honda,Odyssey,2009
151,Gussi,Cotter,gcotter46@weather.com,Female,Mercedes-Benz,C-Class,2007
152,Eugenio,Pembridge,epembridge47@artisteer.com,Male,Kia,Spectra,2004
153,Tine,Redd,tredd48@europa.eu,Female,Kia,Sedona,2007
154,Jo ann,Matthews,jmatthews49@un.org,Female,Dodge,Dakota,1994
155,Carolin,Southerns,csoutherns4a@ask.com,Female,Infiniti,Q,1999
156,Fiona,Worsell,fworsell4b@geocities.jp,Female,Jeep,Cherokee,2001
157,Dom,Toal,dtoal4c@issuu.com,Male,Lexus,ES,1999
158,Faun,De Meis,fdemeis4d@kickstarter.com,Female,Lincoln,Continental,1996
159,Sinclair,Rooper,srooper4e@oakley.com,Male,Suzuki,Swift,1987
160,Aeriell,Maiden,amaiden4f@com.com,Female,Volvo,S60,2009
161,Gwenora,Stirton,gstirton4g@booking.com,Female,Toyota,MR2,2001
162,Charlie,Court,ccourt4h@ibm.com,Male,Suzuki,Verona,2004
163,Darbie,Goter,dgoter4i@ftc.gov,Female,Pontiac,GTO,1971
164,Kelila,Taig,ktaig4j@about.com,Female,Porsche,928,1986
165,Edsel,Cantos,ecantos4k@usatoday.com,Male,Porsche,911,2009
166,Morly,Hitzschke,mhitzschke4l@mashable.com,Agender,Cadillac,CTS,2004
167,Heywood,Dibb,hdibb4m@storify.com,Male,Pontiac,Safari,1989
168,Rorke,Broadwell,rbroadwell4n@discuz.net,Bigender,Land Rover,Discovery,2004
169,Emilia,Baggally,ebaggally4o@hexun.com,Female,Porsche,Cayman,2008
170,Audy,Bartholomieu,abartholomieu4p@mysql.com,Female,Subaru,Outback,2009
171,Pooh,Feldbau,pfeldbau4q@g.co,Male,Chevrolet,Silverado 1500,2010
172,Lewiss,Station,lstation4r@adobe.com,Male,Dodge,Neon,2002
173,Judah,Irons,jirons4s@guardian.co.uk,Male,Nissan,Versa,2008
174,Edwina,Jedras,ejedras4t@geocities.jp,Female,Volvo,S80,2004
175,Jeffrey,Takle,jtakle4u@time.com,Male,BMW,X3,2006
176,Vincents,McEvoy,vmcevoy4v@cbsnews.com,Male,Mercedes-Benz,CLK-Class,1998
177,Collin,Kalb,ckalb4w@pagesperso-orange.fr,Male,Volkswagen,GTI,1989
178,Katina,Dunniom,kdunniom4x@toplist.cz,Female,Audi,A6,2010
179,Merrily,Douch,mdouch4y@census.gov,Female,Nissan,Maxima,1995
180,Paxton,DelaField,pdelafield4z@i2i.jp,Male,Toyota,Tacoma Xtra,1995
181,Urbain,Qusklay,uqusklay50@vkontakte.ru,Male,Pontiac,Grand Prix,1972
182,Zonnya,Beche,zbeche51@addtoany.com,Female,Ford,Taurus,1989
183,Cicely,Lansley,clansley52@elpais.com,Female,Chrysler,Voyager,2002
184,Oates,Lucas,olucas53@infoseek.co.jp,Male,Suzuki,Sidekick,1991
185,Wilburt,McElroy,wmcelroy54@soup.io,Male,Ford,Expedition,2007
186,Rochella,Borg-Bartolo,rborgbartolo55@hao123.com,Female,Infiniti,Q,1992
187,Robby,Powter,rpowter56@dropbox.com,Female,Volkswagen,New Beetle,2007
188,Miles,Wonham,mwonham57@wiley.com,Male,Audi,90,1993
189,Kippie,Kilsby,kkilsby58@hatena.ne.jp,Female,Dodge,Caravan,2008
190,Bliss,McFadzean,bmcfadzean59@freewebs.com,Female,Dodge,Dakota Club,1997
191,Bridie,Earry,bearry5a@infoseek.co.jp,Female,Volvo,V50,2008
192,Nicoli,Gilliard,ngilliard5b@epa.gov,Female,Ford,Model T,1909
193,Amalee,Beetlestone,abeetlestone5c@army.mil,Female,GMC,Suburban 1500,1993
194,Rebe,Higgan,rhiggan5d@europa.eu,Female,BMW,525,2005
195,Florri,Leeds,fleeds5e@yelp.com,Female,Oldsmobile,Bravada,2004
196,Ernesto,Greenly,egreenly5f@merriam-webster.com,Genderfluid,Saab,9-3,2003
197,Gaby,Stallard,gstallard5g@cnn.com,Female,Ford,Escort,2001
198,Gusella,Emmins,gemmins5h@irs.gov,Female,Mazda,Familia,1985
199,Klaus,Echallie,kechallie5i@squarespace.com,Bigender,Ford,Ranger,1984
200,Lyndsay,Coldrick,lcoldrick5j@soup.io,Female,Mazda,Protege,1998
201,Chadwick,De la Yglesia,cdelayglesia5k@yahoo.com,Male,Pontiac,Bonneville,1967
202,Marcy,Loomis,mloomis5l@rediff.com,Female,Mercedes-Benz,CL65 AMG,2009
203,Vasilis,Algy,valgy5m@prweb.com,Male,Chevrolet,Caprice Classic,1994
204,Donalt,Whithorn,dwhithorn5n@stumbleupon.com,Male,Toyota,Tundra,2006
205,Weidar,Byres,wbyres5o@wikispaces.com,Genderqueer,Chrysler,Imperial,1993
206,Junina,Ambrosetti,jambrosetti5p@purevolume.com,Female,Mazda,Miata MX-5,2010
207,Ricki,Burril,rburril5q@cisco.com,Female,Dodge,Ram Van B250,1994
208,Shannen,Woodberry,swoodberry5r@trellian.com,Female,Audi,A6,2000
209,Ginnie,Osgardby,gosgardby5s@shareasale.com,Female,Audi,S4,2005
210,Marylin,Langstone,mlangstone5t@sciencedaily.com,Female,Dodge,Avenger,2000
211,Dolf,McLeese,dmcleese5u@bloglovin.com,Male,Cadillac,SRX,2008
212,Layla,Aronowitz,laronowitz5v@istockphoto.com,Polygender,Audi,A8,2008
213,Correna,Ortiga,cortiga5w@facebook.com,Female,Subaru,Outback,2003
214,Hyacinth,Dhillon,hdhillon5x@slashdot.org,Female,Mercury,Sable,1993
215,Fifine,Ivanisov,fivanisov5y@behance.net,Female,BMW,X3,2009
216,Linnea,Goosey,lgoosey5z@tuttocitta.it,Female,Ford,Escort,1991
217,Alberik,Davidman,adavidman60@cdbaby.com,Male,GMC,Envoy,2004
218,Brandie,Biever,bbiever61@ebay.co.uk,Female,Maserati,Spyder,2004
219,Frannie,Hantusch,fhantusch62@intel.com,Female,Mitsubishi,Chariot,1996
220,Scott,Smeall,ssmeall63@techcrunch.com,Male,Dodge,Ram Van B350,1992
221,Liliane,Jentges,ljentges64@blogger.com,Female,Kia,Sportage,1997
222,Maurene,Dimberline,mdimberline65@java.com,Female,Land Rover,Defender 110,1993
223,Osbourn,Eilhertsen,oeilhertsen66@soup.io,Agender,Land Rover,LR4,2010
224,Zacherie,Suggey,zsuggey67@taobao.com,Male,Plymouth,Neon,1995
225,Lydia,Garber,lgarber68@reuters.com,Female,Pontiac,G6,2010
226,Moss,Bantham,mbantham69@vistaprint.com,Male,Ford,Focus,2000
227,Cori,Anersen,canersen6a@reddit.com,Female,Lexus,SC,2008
228,Mac,Langridge,mlangridge6b@weebly.com,Male,Mazda,Protege,2002
229,Menard,Delgua,mdelgua6c@cisco.com,Male,Mitsubishi,Montero,1995
230,Lexie,Maciunas,lmaciunas6d@xrea.com,Female,Audi,TT,2000
231,Lowrance,Newall,lnewall6e@over-blog.com,Male,Ford,F350,2008
232,Thalia,Castagneri,tcastagneri6f@abc.net.au,Non-binary,Volkswagen,Golf,1992
233,Shandra,Gallally,sgallally6g@imgur.com,Agender,Volkswagen,Passat,1997
234,Bernardine,Nason,bnason6h@nps.gov,Female,Honda,CR-V,2009
235,Verney,Randalson,vrandalson6i@google.co.uk,Male,Mercedes-Benz,E-Class,2004
236,Rasia,Avesque,ravesque6j@opera.com,Female,Cadillac,DTS,2006
237,Mischa,Lewis,mlewis6k@domainmarket.com,Male,Audi,TT,2002
238,Regine,Hurton,rhurton6l@unesco.org,Female,BMW,3 Series,1992
239,Robenia,Diloway,rdiloway6m@hexun.com,Female,Lincoln,Aviator,2003
240,Slade,Corney,scorney6n@nhs.uk,Male,Infiniti,QX,2012
241,Tanny,Findlay,tfindlay6o@state.gov,Male,Volvo,940,1992
242,Madelle,Renon,mrenon6p@businessinsider.com,Female,Chevrolet,Silverado 3500,2009
243,Lynelle,Dyde,ldyde6q@opera.com,Female,Chrysler,PT Cruiser,2006
244,Jay,Froom,jfroom6r@forbes.com,Male,Ford,Taurus,2000
245,Elka,Wadie,ewadie6s@cyberchimps.com,Female,Volkswagen,Passat,1990
246,Alwin,Eltun,aeltun6t@naver.com,Non-binary,Ford,Escape,2004
247,Ermentrude,McIlroy,emcilroy6u@blogger.com,Female,Mazda,MPV,1994
248,Heall,Baldacchino,hbaldacchino6v@dropbox.com,Male,Jaguar,X-Type,2006
249,Guido,Sarson,gsarson6w@comcast.net,Male,Cadillac,Escalade ESV,2005
250,Gayle,Rowlinson,growlinson6x@answers.com,Male,GMC,Safari,2003
251,Debee,Preedy,dpreedy6y@china.com.cn,Female,Toyota,Venza,2009
252,Bertram,Januszewicz,bjanuszewicz6z@alibaba.com,Male,Saturn,L-Series,2003
253,Katy,Haughton,khaughton70@jimdo.com,Female,Mercedes-Benz,S-Class,2002
254,Sauncho,Morrilly,smorrilly71@ucsd.edu,Male,Toyota,4Runner,2004
255,Belle,Fielden,bfielden72@unesco.org,Female,GMC,Sonoma Club Coupe,1995
256,Rubina,Iacavone,riacavone73@jimdo.com,Female,BMW,3 Series,1999
257,Timmie,Lescop,tlescop74@archive.org,Male,Chevrolet,Tahoe,2005
258,Loralyn,Stockell,lstockell75@squidoo.com,Bigender,Ford,Escape,2006
259,Caroline,Wadie,cwadie76@stumbleupon.com,Female,Oldsmobile,Intrigue,2000
260,Holmes,Jeffrey,hjeffrey77@nydailynews.com,Male,Honda,Fit,2010
261,Harlie,Seel,hseel78@wp.com,Female,Ford,Probe,1996
262,Batholomew,Sprules,bsprules79@narod.ru,Male,GMC,Savana 1500,2005
263,Lombard,Manuelli,lmanuelli7a@nifty.com,Male,Chevrolet,S10,1997
264,Phineas,Swane,pswane7b@telegraph.co.uk,Genderqueer,Mercury,Grand Marquis,1987
265,Shoshana,Rottery,srottery7c@japanpost.jp,Female,Pontiac,Firefly,1986
266,Tully,Gilardone,tgilardone7d@who.int,Male,GMC,Envoy,2000
267,Dorey,Bagg,dbagg7e@devhub.com,Male,Ford,GT,2006
268,Heriberto,Aiton,haiton7f@usnews.com,Male,Ford,Crown Victoria,2003
269,Tarrance,Chafer,tchafer7g@shutterfly.com,Male,BMW,525,2006
270,Briney,Aarons,baarons7h@meetup.com,Female,Volvo,V70,2008
271,Kimball,Swatheridge,kswatheridge7i@woothemes.com,Male,Suzuki,SX4,2010
272,Roi,Lomasna,rlomasna7j@tinypic.com,Male,Mazda,929,1995
273,Teodor,Piecha,tpiecha7k@so-net.ne.jp,Male,Mercedes-Benz,S-Class,2003
274,Ossie,Rosenau,orosenau7l@pbs.org,Male,Ford,F-Series,1988
275,Morry,Jobbins,mjobbins7m@so-net.ne.jp,Male,Daewoo,Leganza,2000
276,Andrei,Markussen,amarkussen7n@webeden.co.uk,Female,Mitsubishi,Mirage,1992
277,Melisandra,Trimble,mtrimble7o@cisco.com,Female,Subaru,Leone,1986
278,Serena,MacAulay,smacaulay7p@gmpg.org,Female,Chevrolet,Aveo,2009
279,Louisette,Hradsky,lhradsky7q@fotki.com,Female,BMW,7 Series,2010
280,Jeannie,Midlar,jmidlar7r@tuttocitta.it,Female,Oldsmobile,Silhouette,1998
281,Robena,McGrey,rmcgrey7s@dion.ne.jp,Female,Hummer,H1,1997
282,Garrick,Tilbrook,gtilbrook7t@blog.com,Male,Mercedes-Benz,M-Class,2009
283,Abby,Cansdale,acansdale7u@oaic.gov.au,Agender,Volvo,960,1996
284,Fey,Sondon,fsondon7v@cocolog-nifty.com,Female,Mercedes-Benz,G-Class,2003
285,Leopold,Siret,lsiret7w@ihg.com,Male,Hyundai,HED-5,2012
286,Winnah,Braun,wbraun7x@umich.edu,Female,Audi,riolet,1997
287,Vince,Dahle,vdahle7y@dropbox.com,Male,Mitsubishi,Pajero,1996
288,Tye,Mauro,tmauro7z@amazon.co.jp,Male,Oldsmobile,Aurora,1995
289,Chelsey,Scrooby,cscrooby80@de.vu,Female,Lexus,ES,2010
290,Thorvald,Fery,tfery81@printfriendly.com,Male,Ford,F350,2001
291,Kile,Clemmow,kclemmow82@psu.edu,Male,Ford,F350,1996
292,Maiga,Darell,mdarell83@free.fr,Female,Ford,Mustang,1994
293,Nikita,Sneaker,nsneaker84@etsy.com,Non-binary,Lexus,IS-F,2011
294,Noll,McGarrahan,nmcgarrahan85@nationalgeographic.com,Male,Alfa Romeo,164,1993
295,Alysia,Ramalho,aramalho86@cnet.com,Female,Mazda,RX-7,1984
296,Cosme,Woodger,cwoodger87@biglobe.ne.jp,Non-binary,Kia,Mentor,1997
297,Bernie,MacGaughie,bmacgaughie88@stanford.edu,Genderqueer,Ford,Bronco,1988
298,Nelia,Polgreen,npolgreen89@ezinearticles.com,Female,Mercedes-Benz,E-Class,1998
299,Queenie,Stormont,qstormont8a@slideshare.net,Female,Dodge,Ram 1500,2000
300,Bealle,Gelderd,bgelderd8b@sitemeter.com,Male,Audi,S5,2009
301,Lincoln,Beastall,lbeastall8c@cnn.com,Male,Dodge,Dakota Club,2003
302,Guillema,Boldero,gboldero8d@yellowpages.com,Female,Chevrolet,Venture,2003
303,Philipa,Fludgate,pfludgate8e@bravesites.com,Female,Mazda,Mazda6,2011
304,Sherri,Brazelton,sbrazelton8f@hostgator.com,Female,Cadillac,Escalade,2003
305,Mari,Coneau,mconeau8g@geocities.jp,Female,Chrysler,Aspen,2009
306,Garvin,Ramsell,gramsell8h@netscape.com,Male,Rolls-Royce,Phantom,2013
307,Malorie,De Bruijn,mdebruijn8i@g.co,Female,Mitsubishi,Precis,1986
308,Jorge,Plante,jplante8j@yellowpages.com,Male,Porsche,Panamera,2012
309,Kandace,Hullins,khullins8k@house.gov,Female,Mitsubishi,L300,1990
310,Malena,Hayball,mhayball8l@xinhuanet.com,Female,Subaru,Tribeca,2006
311,Ami,Tremblay,atremblay8m@plala.or.jp,Female,Nissan,Altima,2002
312,Paulie,Ebbings,pebbings8n@elpais.com,Male,Mazda,B-Series,1987
313,Matty,Franken,mfranken8o@sciencedaily.com,Male,Mercedes-Benz,Sprinter 3500,2012
314,Greggory,Sherwill,gsherwill8p@bigcartel.com,Male,Oldsmobile,Silhouette,1999
315,Glyn,Jamison,gjamison8q@hostgator.com,Male,Audi,S4,2004
316,Clary,Balston,cbalston8r@qq.com,Bigender,Audi,Quattro,1993
317,Adella,Coat,acoat8s@nbcnews.com,Female,Dodge,Dakota Club,2005
318,Carita,Ankrett,cankrett8t@msu.edu,Female,Toyota,Tundra,2012
319,Matthus,Henze,mhenze8u@usgs.gov,Male,GMC,Sonoma Club Coupe,1993
320,L;urette,Hardiker,lhardiker8v@sbwire.com,Female,GMC,Savana 3500,2011
321,Mei,Head,mhead8w@tripadvisor.com,Female,GMC,3500,1997
322,Renell,Tames,rtames8x@japanpost.jp,Female,Dodge,Nitro,2010
323,Lynnett,Drohun,ldrohun8y@who.int,Female,Suzuki,Swift,2004
324,Fletch,Middleditch,fmiddleditch8z@house.gov,Male,Buick,Somerset,1986
325,Chloette,Hatrick,chatrick90@xrea.com,Female,Ford,Aspire,1997
326,Valentine,Guppey,vguppey91@businesswire.com,Male,Mercedes-Benz,W201,1991
327,Vida,Bisiker,vbisiker92@reference.com,Female,Ford,Focus,2013
328,Marji,Hartwell,mhartwell93@blogtalkradio.com,Female,Chevrolet,Corvette,1962
329,Pennie,Laycock,playcock94@geocities.jp,Male,Acura,RL,2010
330,Bordie,Varren,bvarren95@about.com,Male,Toyota,Tundra,2012
331,Rahel,Tomaskov,rtomaskov96@squarespace.com,Female,Jeep,Grand Cherokee,2006
332,Arlena,Burnall,aburnall97@msn.com,Female,GMC,Terrain,2011
333,Joaquin,Hurch,jhurch98@hostgator.com,Male,Lincoln,MKX,2007
334,Maximilien,Evreux,mevreux99@shinystat.com,Male,Suzuki,SJ,1995
335,Skylar,Jonsson,sjonsson9a@youku.com,Male,Dodge,Durango,2004
336,Merola,Smitherham,msmitherham9b@bluehost.com,Female,Hyundai,Azera,2010
337,Terrell,Eliesco,teliesco9c@utexas.edu,Male,Mercury,Cougar,1995
338,Catherine,Bruckshaw,cbruckshaw9d@seattletimes.com,Female,Audi,Q7,2007
339,Lacy,Sambrok,lsambrok9e@springer.com,Female,Chevrolet,Tahoe,2002
340,Itch,Boocock,iboocock9f@time.com,Male,Mercedes-Benz,G-Class,2009
341,Port,Egiloff,pegiloff9g@godaddy.com,Genderqueer,Chevrolet,S10,1995
342,Nickolaus,Hitzke,nhitzke9h@java.com,Male,Chevrolet,Silverado 2500,2008
343,Bryan,Gentiry,bgentiry9i@redcross.org,Male,Buick,Century,1995
344,Alys,Seaking,aseaking9j@google.it,Female,Hyundai,XG350,2002
345,Tymothy,Jacqueminet,tjacqueminet9k@jugem.jp,Male,Toyota,Land Cruiser,2003
346,Leland,Rapin,lrapin9l@infoseek.co.jp,Female,Ford,Econoline E250,1999
347,Kary,Saller,ksaller9m@amazon.de,Female,Lexus,IS-F,2008
348,Gerianne,Sinton,gsinton9n@github.com,Female,Subaru,Forester,2011
349,Hobey,Pocklington,hpocklington9o@t-online.de,Male,Chevrolet,Corvette,1966
350,Lynelle,Meritt,lmeritt9p@tinyurl.com,Polygender,Land Rover,Range Rover,2007
351,Benedikt,McKinlay,bmckinlay9q@google.pl,Male,Ram,3500,2011
352,Junia,Sives,jsives9r@rediff.com,Female,Volkswagen,rio,1997
353,Cairistiona,Burdoun,cburdoun9s@eepurl.com,Bigender,Honda,Fit,2007
354,Sheffield,Hiner,shiner9t@cyberchimps.com,Male,Mercury,Grand Marquis,1996
355,Rodina,Aysh,raysh9u@xrea.com,Female,Chevrolet,Corvette,1973
356,Ozzie,Grimolbie,ogrimolbie9v@about.com,Male,Saab,9000,1990
357,Aurelie,Iwanowicz,aiwanowicz9w@twitpic.com,Female,BMW,M5,2009
358,Deck,Buckston,dbuckston9x@51.la,Male,Volkswagen,Cabriolet,1992
359,Rockwell,Cammomile,rcammomile9y@smugmug.com,Male,Geo,Metro,1993
360,Cory,Doeg,cdoeg9z@constantcontact.com,Female,Nissan,Versa,2010
361,Jilly,Sutworth,jsutwortha0@livejournal.com,Female,GMC,Sierra 3500,2001
362,Heall,Mereweather,hmereweathera1@state.tx.us,Male,Lincoln,MKS,2012
363,Dasie,Naisey,dnaiseya2@alibaba.com,Female,Ford,Thunderbird,1991
364,Lauraine,McAvaddy,lmcavaddya3@themeforest.net,Female,Saturn,Ion,2003
365,Egbert,Stace,estacea4@nytimes.com,Male,BMW,3 Series,2012
366,Willabella,Weatherby,wweatherbya5@seattletimes.com,Female,Audi,S8,2001
367,Alisha,Patel,apatela6@liveinternet.ru,Female,Oldsmobile,Achieva,1993
368,Gael,Getten,ggettena7@blogs.com,Male,BMW,Z4,2005
369,Hazel,Swannell,hswannella8@chronoengine.com,Female,Pontiac,Grand Prix,1980
370,Jonathan,Kaman,jkamana9@sitemeter.com,Male,GMC,Sierra,2012
371,Brianna,Couth,bcouthaa@moonfruit.com,Female,Chevrolet,SSR,2006
372,Katha,Orpen,korpenab@oakley.com,Non-binary,Toyota,Supra,1996
373,Phelia,Juschka,pjuschkaac@craigslist.org,Female,Toyota,Tacoma Xtra,2001
374,Chloette,Gyrgorcewicx,cgyrgorcewicxad@oracle.com,Genderfluid,Mercury,Sable,2004
375,Jilleen,Smylie,jsmylieae@virginia.edu,Female,Bentley,Continental,2005
376,Ophelia,Aymeric,oaymericaf@goo.gl,Agender,Honda,Accord Crosstour,2011
377,Yance,Eixenberger,yeixenbergerag@pcworld.com,Male,Ford,Thunderbird,1972
378,Minni,Joburn,mjoburnah@sciencedirect.com,Non-binary,Cadillac,XLR,2006
379,Delmor,Mattia,dmattiaai@ask.com,Male,Austin,Mini Cooper,1964
380,Ole,Dorling,odorlingaj@virginia.edu,Non-binary,Subaru,Justy,1993
381,Millie,Cashen,mcashenak@nih.gov,Female,Mazda,Mazda5,2007
382,Baron,Coneybeer,bconeybeeral@omniture.com,Male,GMC,Canyon,2005
383,Thorin,Malletratt,tmalletrattam@wp.com,Male,Aston Martin,Vantage,2009
384,Salvatore,Roscam,sroscaman@merriam-webster.com,Male,Mazda,Mazdaspeed6,2006
385,Mozes,Halls,mhallsao@drupal.org,Male,Ford,Taurus,1991
386,Judah,Sammons,jsammonsap@wisc.edu,Male,Mercedes-Benz,SL-Class,1989
387,Brade,Bridal,bbridalaq@acquirethisname.com,Male,Lamborghini,Gallardo,2005
388,Magdalen,Botten,mbottenar@mediafire.com,Female,Maybach,57,2011
389,Yardley,Haselhurst,yhaselhurstas@sciencedaily.com,Male,Plymouth,Neon,1997
390,Rees,Losbie,rlosbieat@wikipedia.org,Male,Nissan,Cube,2009
391,Torey,Routham,trouthamau@vk.com,Female,Mazda,B-Series,1990
392,Veronike,Motherwell,vmotherwellav@addthis.com,Female,Volkswagen,CC,2013
393,Malva,Mungane,mmunganeaw@live.com,Female,Pontiac,Daewoo Kalos,2005
394,Brear,Charon,bcharonax@jiathis.com,Female,Honda,S2000,2000
395,Lothario,Rupprecht,lrupprechtay@cnbc.com,Male,Chevrolet,Traverse,2010
396,Ignaz,Bavin,ibavinaz@constantcontact.com,Bigender,Dodge,Charger,1969
397,Suzanne,Hamblington,shamblingtonb0@comsenz.com,Female,Nissan,Titan,2012
398,Cyrille,McAsgill,cmcasgillb1@theglobeandmail.com,Agender,Audi,90,1994
399,Sara,Beavon,sbeavonb2@state.gov,Female,Holden,Monaro,2004
400,Melvin,Dundredge,mdundredgeb3@vistaprint.com,Male,Chevrolet,TrailBlazer,2003
401,Sheppard,Wigley,swigleyb4@addthis.com,Male,Volvo,V70,2007
402,Jelene,Louys,jlouysb5@cnbc.com,Female,Buick,Estate,1989
403,Ruthe,Le Count,rlecountb6@telegraph.co.uk,Female,BMW,7 Series,2004
404,Moyra,Kobpa,mkobpab7@abc.net.au,Female,GMC,Yukon XL 2500,2005
405,Blaine,Manthroppe,bmanthroppeb8@google.nl,Male,Nissan,350Z,2007
406,Patty,Lackey,plackeyb9@flavors.me,Female,Volkswagen,Type 2,1990
407,Karlee,Acarson,kacarsonba@51.la,Female,Buick,LaCrosse,2012
408,Antin,Hurll,ahurllbb@vimeo.com,Male,Lexus,SC,2004
409,Pail,Kitchiner,pkitchinerbc@samsung.com,Male,Subaru,Forester,2002
410,Cassandra,Salery,csalerybd@pcworld.com,Female,Cadillac,Escalade EXT,2011
411,Pablo,Woolham,pwoolhambe@foxnews.com,Male,Pontiac,Grand Prix,2004
412,Howard,Brasher,hbrasherbf@php.net,Bigender,GMC,2500,1992
413,Phyllis,Leyban,pleybanbg@dell.com,Female,Toyota,Tacoma Xtra,1996
414,Cornelle,Really,creallybh@indiatimes.com,Female,Land Rover,Range Rover,1988
415,Alexine,Lorand,alorandbi@tripadvisor.com,Bigender,Ford,Mustang,2004
416,Consalve,Rook,crookbj@webeden.co.uk,Male,Acura,Legend,1990
417,Fredi,Perllman,fperllmanbk@hibu.com,Female,Pontiac,Grand Prix,2004
418,Verla,Reeken,vreekenbl@illinois.edu,Female,Volkswagen,Beetle,1967
419,Chad,De Malchar,cdemalcharbm@wikipedia.org,Male,Chrysler,Fifth Ave,1992
420,Brod,Arkell,barkellbn@php.net,Genderfluid,Infiniti,M,2007
421,Theodor,Finey,tfineybo@barnesandnoble.com,Male,Jeep,Wrangler,1995
422,Kimmi,Bullock,kbullockbp@vimeo.com,Female,Nissan,300ZX,1996
423,Ervin,Celle,ecellebq@businessweek.com,Male,Chevrolet,Lumina,1997
424,Thurston,Foch,tfochbr@dagondesign.com,Male,Audi,A8,2006
425,Milicent,Kendrew,mkendrewbs@china.com.cn,Female,Pontiac,Firefly,1994
426,Curr,Tombleson,ctomblesonbt@tinypic.com,Male,Subaru,Loyale,1992
427,Shay,Gowing,sgowingbu@plala.or.jp,Female,Lexus,LFA,2012
428,Liva,Blanning,lblanningbv@springer.com,Female,Lexus,LX,2000
429,Jacki,Bradman,jbradmanbw@ycombinator.com,Female,Mercedes-Benz,300E,1992
430,Loren,Hazle,lhazlebx@multiply.com,Agender,Buick,Lucerne,2008
431,Beatrix,Cadwaladr,bcadwaladrby@51.la,Female,GMC,1500,1993
432,Missy,Von Oertzen,mvonoertzenbz@patch.com,Female,Mazda,MX-6,1996
433,Joseph,Bythell,jbythellc0@com.com,Male,Jeep,Liberty,2012
434,Merralee,Jewett,mjewettc1@state.gov,Female,Mazda,Millenia,2000
435,Casper,Greenhaugh,cgreenhaughc2@arstechnica.com,Male,Volkswagen,Jetta,1993
436,Salomo,Caunter,scaunterc3@symantec.com,Male,Honda,Prelude,1985
437,Elihu,Vasilevich,evasilevichc4@youtube.com,Male,Kia,Sedona,2011
438,Lelia,De Hailes,ldehailesc5@wikimedia.org,Female,Toyota,Corolla,2012
439,Torr,Vaudrey,tvaudreyc6@lulu.com,Male,Toyota,Previa,1994
440,Betteann,Bysh,bbyshc7@sina.com.cn,Female,Nissan,Frontier,1999
441,Aube,O'Dougherty,aodoughertyc8@issuu.com,Male,Kia,Rondo,2007
442,Joyan,Castagneto,jcastagnetoc9@google.ru,Female,Dodge,Ram 2500,2009
443,Annalise,Lawless,alawlessca@usgs.gov,Female,Ford,Explorer,1993
444,Morgen,Teanby,mteanbycb@unesco.org,Male,Buick,Rendezvous,2005
445,Pepito,Bastock,pbastockcc@google.fr,Male,Suzuki,Sidekick,1995
446,Justin,Ketts,jkettscd@cisco.com,Male,Saab,9-3,2000
447,Terri,Glabach,tglabachce@xrea.com,Female,Suzuki,X-90,1998
448,Dacia,Nathon,dnathoncf@cbc.ca,Female,Suzuki,Swift,1994
449,Vivianne,Scrauniage,vscrauniagecg@twitter.com,Female,Pontiac,Firebird,2000
450,Bondy,Busk,bbuskch@wp.com,Male,Dodge,Avenger,1996
451,Brynna,Weatherhogg,bweatherhoggci@dmoz.org,Female,BMW,550,2006
452,Glynda,Dace,gdacecj@jalbum.net,Female,Jeep,Wrangler,2001
453,Roma,Teulier,rteulierck@google.nl,Male,Nissan,Titan,2010
454,Lisha,Mulqueen,lmulqueencl@vkontakte.ru,Female,Dodge,Challenger,2011
455,Joleen,Arundel,jarundelcm@de.vu,Female,Porsche,928,1985
456,Eleanore,Skinner,eskinnercn@w3.org,Female,Nissan,Sentra,2001
457,Barbey,Beinisch,bbeinischco@nymag.com,Female,Mitsubishi,Outlander,2006
458,Margot,Hardage,mhardagecp@buzzfeed.com,Female,Kia,Spectra,2000
459,Belia,Haws,bhawscq@canalblog.com,Female,Mercedes-Benz,S-Class,1991
460,Staffard,Edwinson,sedwinsoncr@amazon.co.jp,Male,Porsche,911,1988
461,Niall,Abrahart,nabrahartcs@auda.org.au,Male,Subaru,Legacy,1996
462,Herta,Landers,hlandersct@cdbaby.com,Female,Subaru,Legacy,2002
463,Olivero,Bending,obendingcu@phoca.cz,Male,Hyundai,Sonata,1998
464,Lulu,Carnier,lcarniercv@omniture.com,Non-binary,Ford,Crown Victoria,1999
465,Austin,Barstock,abarstockcw@goodreads.com,Bigender,Oldsmobile,Bravada,1993
466,Beatrisa,de Clercq,bdeclercqcx@nifty.com,Female,Pontiac,Sunbird,1984
467,Carroll,Isenor,cisenorcy@mapy.cz,Female,Chevrolet,Suburban 1500,2005
468,Vergil,Lardnar,vlardnarcz@posterous.com,Male,Chevrolet,Cavalier,2004
469,Kit,Sheal,ksheald0@stanford.edu,Male,Chevrolet,Cavalier,1999
470,Cord,Faulks,cfaulksd1@rakuten.co.jp,Non-binary,Isuzu,i-290,2007
471,Alister,McFadzean,amcfadzeand2@jiathis.com,Male,Dodge,Durango,2004
472,Saxe,Kunc,skuncd3@businessinsider.com,Agender,BMW,745,2005
473,Doroteya,Gheorghie,dgheorghied4@seattletimes.com,Female,Saturn,Ion,2006
474,Vanya,Whacket,vwhacketd5@squidoo.com,Male,Maybach,62,2009
475,Ferdinande,Gother,fgotherd6@barnesandnoble.com,Female,Ford,Aerostar,1993
476,Ole,Yashunin,oyashunind7@arstechnica.com,Male,Acura,RDX,2007
477,Willamina,Beckford,wbeckfordd8@ca.gov,Female,Mercedes-Benz,SL-Class,1989
478,Marcos,Zavattero,mzavatterod9@ucla.edu,Male,Lotus,Elise,2004
479,Nester,Pendall,npendallda@163.com,Male,Suzuki,SJ,1989
480,Odie,Fogden,ofogdendb@ezinearticles.com,Male,Lamborghini,Countach,1985
481,Andria,Tarrant,atarrantdc@google.com.au,Female,Audi,S8,2008
482,Brodie,Yashin,byashindd@i2i.jp,Male,Acura,NSX,2000
483,Garold,Grigoletti,ggrigolettide@about.me,Male,BMW,8 Series,1995
484,Beale,Ponter,bponterdf@dot.gov,Male,Chevrolet,Cruze,2013
485,Lucilia,Jouandet,ljouandetdg@yahoo.co.jp,Female,Mercedes-Benz,S-Class,2002
486,Diane,Leipnik,dleipnikdh@cmu.edu,Female,BMW,745,2003
487,Leonhard,Gellibrand,lgellibranddi@jimdo.com,Male,Buick,Riviera,1979
488,Benedick,Eastabrook,beastabrookdj@paypal.com,Male,Mercury,Sable,1995
489,Walden,Robertucci,wrobertuccidk@umich.edu,Male,GMC,Savana 1500,2002
490,Salmon,Guard,sguarddl@spotify.com,Genderqueer,Ford,F-Series,2009
491,Garvin,Reuther,greutherdm@ustream.tv,Male,Mercury,Grand Marquis,1998
492,Farah,Jiroudek,fjiroudekdn@sfgate.com,Female,Toyota,Truck Xtracab SR5,1989
493,Tandi,Rosina,trosinado@nature.com,Female,Mercedes-Benz,E-Class,2002
494,Jeniece,Trusler,jtruslerdp@people.com.cn,Female,Toyota,Land Cruiser,2005
495,Skell,O'Heaney,soheaneydq@prnewswire.com,Male,Suzuki,Aerio,2006
496,Brody,Brody,bbrodydr@noaa.gov,Male,Lamborghini,Countach,1989
497,Gigi,Licas,glicasds@soup.io,Female,Chevrolet,Corvette,2001
498,Bernadette,Todaro,btodarodt@phpbb.com,Female,Mitsubishi,Lancer Evolution,2011
499,Agata,Heningam,aheningamdu@sina.com.cn,Female,Lotus,Esprit,1985
500,Cherey,Maylor,cmaylordv@geocities.jp,Female,Mitsubishi,Montero Sport,2002
501,Hasheem,Shayler,hshaylerdw@php.net,Male,Chevrolet,Corvette,1964
502,Roley,Impy,rimpydx@nasa.gov,Male,Volkswagen,Eurovan,1995
503,Ulberto,Capaldi,ucapaldidy@msn.com,Male,Lexus,ES,1995
504,Lois,Tie,ltiedz@naver.com,Female,Nissan,Quest,2006
505,Nixie,Austins,naustinse0@time.com,Female,Dodge,Grand Caravan,1997
506,Theobald,Wimes,twimese1@uiuc.edu,Agender,Dodge,Sprinter,2008
507,Del,Lovelady,dloveladye2@google.it,Male,Mitsubishi,Chariot,1985
508,Kellen,MacInerney,kmacinerneye3@ucsd.edu,Female,Pontiac,Firebird,1984
509,Clarisse,Berrill,cberrille4@jimdo.com,Female,BMW,X5,2009
510,Eamon,Donne,edonnee5@ebay.com,Male,Subaru,Impreza,2006
511,Mark,Aberdeen,maberdeene6@kickstarter.com,Male,Ford,F350,1999
512,Isiahi,Aizikovitz,iaizikovitze7@nsw.gov.au,Male,Volkswagen,Eurovan,1993
513,Maurise,Joost,mjooste8@salon.com,Male,BMW,3 Series,2009
514,Pansie,Mallon,pmallone9@merriam-webster.com,Female,Mazda,626,1987
515,Gannie,Lattin,glattinea@wp.com,Male,Pontiac,1000,1984
516,Emery,Paulet,epauleteb@hao123.com,Male,Pontiac,Vibe,2007
517,Ash,Walpole,awalpoleec@dmoz.org,Male,Volvo,C70,1998
518,Celia,Wattinham,cwattinhamed@topsy.com,Female,Chevrolet,Blazer,2003
519,Therine,Casbourne,tcasbourneee@google.pl,Female,Land Rover,Range Rover Evoque,2012
520,Georgine,Swyndley,gswyndleyef@japanpost.jp,Female,Lamborghini,Diablo,1999
521,Zelma,Dobson,zdobsoneg@t.co,Female,Bentley,Continental Super,2011
522,Mellicent,Ruprechter,mruprechtereh@amazon.co.jp,Female,Volvo,S80,2011
523,Lissi,Lazer,llazerei@addtoany.com,Polygender,Ford,Explorer Sport Trac,2008
524,Doris,Marquiss,dmarquissej@fema.gov,Female,Mitsubishi,Precis,1986
525,Olia,Henri,ohenriek@hatena.ne.jp,Female,Geo,Prizm,1995
526,Laraine,Tupie,ltupieel@sina.com.cn,Female,Jaguar,XJ Series,2002
527,Karlyn,Robjant,krobjantem@amazonaws.com,Agender,Acura,TSX,2008
528,Alejandra,Chinge de Hals,achingedehalsen@marriott.com,Genderqueer,Chevrolet,Colorado,2004
529,Dyna,Guyers,dguyerseo@toplist.cz,Female,Chrysler,Concorde,1999
530,Luciano,McIndoe,lmcindoeep@homestead.com,Male,Ford,Galaxie,1964
531,Taffy,Cutbush,tcutbusheq@yelp.com,Female,Nissan,Xterra,2002
532,Aile,Sproson,asprosoner@wp.com,Female,Volkswagen,Jetta,1996
533,Sergeant,Gossop,sgossopes@deviantart.com,Male,Audi,riolet,1995
534,Fina,Beeres,fbeereset@webs.com,Female,Mercedes-Benz,SL-Class,1989
535,Boigie,Bick,bbickeu@123-reg.co.uk,Male,Chevrolet,Avalanche,2009
536,Christoper,Bubbings,cbubbingsev@aboutads.info,Male,Chevrolet,Express,2011
537,Zak,Esh,zeshew@eventbrite.com,Male,Pontiac,GTO,1964
538,Douglass,Erat,deratex@arizona.edu,Male,MINI,Cooper,2006
539,Allene,Henlon,ahenloney@harvard.edu,Female,Toyota,Land Cruiser,2013
540,Elly,Standley,estandleyez@google.it,Female,Land Rover,Discovery,2002
541,Regan,Khosa,rkhosaf0@sfgate.com,Female,Suzuki,Daewoo Magnus,2006
542,Lanita,Dorrins,ldorrinsf1@sourceforge.net,Female,Pontiac,LeMans,1966
543,Benoit,Goublier,bgoublierf2@istockphoto.com,Male,Infiniti,J,1993
544,Darryl,Danniell,ddanniellf3@xrea.com,Male,Pontiac,Firebird,1990
545,Cesar,Soans,csoansf4@tripod.com,Polygender,Toyota,Solara,1999
546,Richardo,Kermeen,rkermeenf5@people.com.cn,Male,Cadillac,DeVille,1997
547,Adiana,Fardoe,afardoef6@tinyurl.com,Female,Toyota,Land Cruiser,2005
548,Amaleta,Insull,ainsullf7@msn.com,Female,Audi,S4,2001
549,Tamarra,Knapman,tknapmanf8@mozilla.com,Female,Subaru,Brat,1986
550,Clem,Bloodworth,cbloodworthf9@taobao.com,Male,Pontiac,LeMans,1993
551,Clifford,Meiklem,cmeiklemfa@constantcontact.com,Male,Oldsmobile,Silhouette,1996
552,Liana,Hollingsbee,lhollingsbeefb@lulu.com,Female,Lincoln,Navigator L,2008
553,Ronnica,Grunwald,rgrunwaldfc@wiley.com,Female,Toyota,Solara,2004
554,Deanna,McCoughan,dmccoughanfd@hibu.com,Female,Jeep,Cherokee,1995
555,Kora,Loudiane,kloudianefe@oakley.com,Female,Dodge,Spirit,1994
556,Tabina,McColl,tmccollff@sphinn.com,Female,Mazda,CX-9,2011
557,Theresita,Gonsalvez,tgonsalvezfg@hatena.ne.jp,Female,Toyota,Tundra,2002
558,Michal,Nudde,mnuddefh@yolasite.com,Female,Chevrolet,Camaro,1976
559,Kelley,Koles,kkolesfi@chronoengine.com,Female,Acura,MDX,2011
560,Lyndy,Springett,lspringettfj@ask.com,Genderfluid,Volvo,C70,2002
561,Nicholas,Cobon,ncobonfk@trellian.com,Male,Audi,90,1989
562,Obadias,Hamil,ohamilfl@boston.com,Male,Chevrolet,Camaro,1975
563,Sutton,Pecey,speceyfm@phpbb.com,Male,Chevrolet,Lumina,1993
564,Urbain,Pearl,upearlfn@independent.co.uk,Male,MINI,Cooper,2009
565,Dalton,Crinage,dcrinagefo@imgur.com,Polygender,Mitsubishi,Pajero,2000
566,Buck,Clace,bclacefp@cnet.com,Male,Chrysler,LHS,1994
567,Kali,Blazek,kblazekfq@xrea.com,Female,BMW,3 Series,1995
568,Robinet,Cudby,rcudbyfr@wordpress.org,Male,Mazda,MX-6,1997
569,Erminia,Hinkley,ehinkleyfs@globo.com,Bigender,Mazda,Tribute,2009
570,Karlen,Kundt,kkundtft@businessweek.com,Female,Volkswagen,Jetta,1990
571,Rosemaria,Aleksic,raleksicfu@nasa.gov,Female,Chevrolet,Venture,1999
572,Bron,Giffkins,bgiffkinsfv@miibeian.gov.cn,Male,Mazda,Mazda5,2006
573,Bryant,Shadfourth,bshadfourthfw@jiathis.com,Agender,Audi,A6,1998
574,Tibold,Glasscock,tglasscockfx@feedburner.com,Genderfluid,Volkswagen,Jetta,2010
575,Quintus,Grishinov,qgrishinovfy@jiathis.com,Male,Mitsubishi,Outlander,2011
576,Irita,Oseland,ioselandfz@bluehost.com,Female,Nissan,Pathfinder,2005
577,Hart,Drew-Clifton,hdrewcliftong0@hugedomains.com,Bigender,Mercedes-Benz,CLK-Class,2007
578,Audrie,Tindley,atindleyg1@pen.io,Female,Honda,Civic,1994
579,Anett,Campelli,acampellig2@histats.com,Female,Panoz,Esperante,2007
580,Leticia,Barenskie,lbarenskieg3@livejournal.com,Female,Lotus,Evora,2012
581,Salomone,Gillhespy,sgillhespyg4@time.com,Male,Ford,Explorer,2001
582,Natal,Wormald,nwormaldg5@cyberchimps.com,Male,Mercedes-Benz,SLK55 AMG,2009
583,Ursa,Kingscote,ukingscoteg6@reference.com,Female,Lincoln,Town Car,2005
584,Curtis,Stoker,cstokerg7@hc360.com,Male,Nissan,Altima,2006
585,Hugh,Kivits,hkivitsg8@indiatimes.com,Male,Ford,Expedition EL,2011
586,Hobey,Weatherell,hweatherellg9@google.com.hk,Male,Volkswagen,GTI,1998
587,Cassaundra,Dando,cdandoga@163.com,Female,Lincoln,MKZ,2010
588,Torrin,Beynkn,tbeynkngb@bbb.org,Male,Mitsubishi,Outlander Sport,2011
589,Cher,Lautie,clautiegc@gravatar.com,Female,Infiniti,G37,2012
590,Xerxes,De Vaar,xdevaargd@youku.com,Male,Lexus,LS,1989
591,Anastasie,Spencelayh,aspencelayhge@a8.net,Female,Infiniti,G,2000
592,Gaven,Stowers,gstowersgf@who.int,Male,Pontiac,Montana,2004
593,Everard,Fisbey,efisbeygg@icq.com,Male,Chevrolet,Express,2011
594,Worthington,Carvill,wcarvillgh@tumblr.com,Male,Lotus,Elan,1992
595,Wallis,Burlay,wburlaygi@zimbio.com,Female,Chevrolet,Suburban 1500,2008
596,Hasheem,Jindrak,hjindrakgj@washington.edu,Male,Toyota,Camry Solara,2006
597,Norina,Tidy,ntidygk@woothemes.com,Female,Eagle,Talon,1991
598,Morgen,Helder,mheldergl@ask.com,Male,Toyota,Xtra,1995
599,Shannan,Petow,spetowgm@de.vu,Male,BMW,M3,1995
600,Petronia,Douglass,pdouglassgn@ft.com,Female,Dodge,Viper,1994
601,Rosy,Jaumet,rjaumetgo@rakuten.co.jp,Female,BMW,760,2005
602,Mariele,Lude,mludegp@upenn.edu,Female,Honda,CR-Z,2011
603,Jodie,Grover,jgrovergq@ftc.gov,Female,Land Rover,Range Rover,1991
604,Paul,Cardiff,pcardiffgr@people.com.cn,Male,Volvo,S40,2003
605,Derrek,Barrett,dbarrettgs@seesaa.net,Male,Mazda,MX-5,2007
606,Rutherford,Seeley,rseeleygt@ocn.ne.jp,Male,Saab,900,1989
607,Timotheus,Milverton,tmilvertongu@reference.com,Male,Audi,A4,2003
608,Fanny,Elsley,felsleygv@si.edu,Female,Aston Martin,Vanquish S,2005
609,Quent,Petruska,qpetruskagw@studiopress.com,Male,Buick,Park Avenue,1995
610,Fianna,Moverley,fmoverleygx@comsenz.com,Female,Volkswagen,Jetta,2005
611,Chris,Arnaez,carnaezgy@nyu.edu,Male,Audi,100,1993
612,Anna,Wickey,awickeygz@amazonaws.com,Female,Toyota,Avalon,2010
613,Coraline,Hatz,chatzh0@gizmodo.com,Female,Ford,Thunderbird,1985
614,Helen-elizabeth,Anfonsi,hanfonsih1@europa.eu,Female,Jeep,Wrangler,2007
615,Nevil,Heppner,nheppnerh2@facebook.com,Male,Holden,VS Commodore,1995
616,Halette,Battany,hbattanyh3@tripadvisor.com,Genderfluid,Chevrolet,Impala,1996
617,Allistir,Stephenson,astephensonh4@typepad.com,Male,Volkswagen,Eos,2008
618,Hogan,Rankling,hranklingh5@dot.gov,Male,Dodge,Monaco,1992
619,Tiffanie,Cranmere,tcranmereh6@newyorker.com,Female,GMC,Canyon,2011
620,Cullie,Stubbeley,cstubbeleyh7@scribd.com,Male,Honda,Passport,2001
621,Krishnah,Matthesius,kmatthesiush8@sakura.ne.jp,Male,Suzuki,Verona,2006
622,Yoshiko,Rowney,yrowneyh9@blogger.com,Female,Saab,9-2X,2005
623,Jany,Booy,jbooyha@altervista.org,Genderqueer,Ford,Fiesta,2012
624,Rowena,Varnam,rvarnamhb@google.nl,Female,Saturn,L-Series,2003
625,Jyoti,Fazzioli,jfazziolihc@sphinn.com,Female,MINI,Cooper,2004
626,Cullen,Renshell,crenshellhd@sciencedaily.com,Male,BMW,7 Series,2011
627,Bernard,Ruselin,bruselinhe@answers.com,Male,Land Rover,Defender 90,1994
628,Garland,Flaunier,gflaunierhf@surveymonkey.com,Female,Volkswagen,New Beetle,1998
629,Teodora,Huxster,thuxsterhg@utexas.edu,Female,Nissan,Cube,2011
630,Gabie,Watsam,gwatsamhh@china.com.cn,Male,Hyundai,Tiburon,1999
631,Devan,Stedell,dstedellhi@time.com,Female,GMC,2500 Club Coupe,1998
632,Krispin,Abdon,kabdonhj@imgur.com,Male,Mercedes-Benz,W201,1993
633,Locke,Chaffer,lchafferhk@usnews.com,Male,Infiniti,G,2011
634,Monro,Shovel,mshovelhl@facebook.com,Male,Hyundai,Sonata,2000
635,Franny,Losbie,flosbiehm@chronoengine.com,Male,Dodge,Monaco,1992
636,Delia,Crate,dcratehn@cdc.gov,Female,Toyota,Highlander,2006
637,Ida,Neasam,ineasamho@symantec.com,Female,Maserati,Quattroporte,2009
638,Tucky,Coneau,tconeauhp@meetup.com,Male,GMC,Yukon XL 1500,2011
639,Sunny,Geering,sgeeringhq@about.com,Female,Hummer,H3T,2009
640,Brien,Healks,bhealkshr@adobe.com,Genderqueer,Hyundai,Entourage,2009
641,Nate,Annakin,nannakinhs@youtube.com,Male,Lexus,IS F,2011
642,Alisun,Luesley,aluesleyht@blog.com,Female,Land Rover,Discovery,2002
643,Stepha,Drinkhill,sdrinkhillhu@reddit.com,Female,Eagle,Vision,1997
644,Cornell,Bentall,cbentallhv@ebay.com,Male,Acura,NSX,2003
645,Lanie,Mitton,lmittonhw@geocities.jp,Male,Buick,Regal,2012
646,Gregg,Lamar,glamarhx@tamu.edu,Male,Lexus,ES,2000
647,Vikky,Shoebrook,vshoebrookhy@technorati.com,Female,Dodge,Durango,2006
648,Hamel,Bensusan,hbensusanhz@chronoengine.com,Male,Scion,xB,2008
649,Arvy,Eannetta,aeannettai0@tumblr.com,Bigender,Toyota,Previa,1991
650,Godfrey,Autry,gautryi1@php.net,Male,Chevrolet,Express 2500,2002
651,Rodney,Hartman,rhartmani2@loc.gov,Male,Mercedes-Benz,C-Class,2002
652,Uriah,Maffezzoli,umaffezzolii3@archive.org,Male,Chevrolet,Suburban 1500,1995
653,Jacklyn,Corradini,jcorradinii4@cnbc.com,Female,Chevrolet,Aveo,2007
654,Theadora,Keely,tkeelyi5@php.net,Polygender,Oldsmobile,Aurora,2001
655,Carmelita,Tolman,ctolmani6@epa.gov,Female,Lexus,ES,2008
656,Cullin,Treasure,ctreasurei7@wisc.edu,Male,Subaru,Brat,1985
657,Laurie,Keppie,lkeppiei8@pen.io,Male,Jaguar,XJ,2007
658,Vannie,Axworthy,vaxworthyi9@tamu.edu,Female,Ford,F150,1997
659,Blair,Badgers,bbadgersia@ovh.net,Female,Mitsubishi,Lancer Evolution,2002
660,Sholom,Ravillas,sravillasib@facebook.com,Male,Toyota,Solara,2004
661,Kaleena,Sailes,ksailesic@ed.gov,Female,Nissan,Sentra,1997
662,Cort,Waite,cwaiteid@xrea.com,Male,Ford,Taurus,2002
663,Adelice,Marty,amartyie@bravesites.com,Female,Mercury,Cougar,1987
664,Emelen,Whistlecroft,ewhistlecroftif@redcross.org,Male,Suzuki,X-90,1996
665,Aleksandr,Ranyard,aranyardig@homestead.com,Male,Acura,RL,2011
666,Lemmy,Ourry,lourryih@marriott.com,Male,Mercedes-Benz,300SE,1993
667,Ingelbert,Alishoner,ialishonerii@bloglines.com,Male,Chevrolet,Express 1500,2010
668,Dickie,Costy,dcostyij@printfriendly.com,Male,Volkswagen,Type 2,1985
669,Gus,O'Noland,gonolandik@pen.io,Female,Mercedes-Benz,E-Class,2001
670,Nels,Lintott,nlintottil@tinypic.com,Polygender,Pontiac,Trans Sport,1991
671,Brandea,Pead,bpeadim@dion.ne.jp,Female,Mitsubishi,Outlander,2007
672,Maxine,Gant,mgantin@sciencedirect.com,Female,Chevrolet,Malibu,2013
673,Tome,Kenford,tkenfordio@chicagotribune.com,Male,Toyota,Previa,1995
674,Wolf,Sustins,wsustinsip@nymag.com,Male,Hyundai,Tucson,2005
675,Chancey,Trayte,ctrayteiq@free.fr,Male,Mitsubishi,Precis,1992
676,Babs,Cuningham,bcuninghamir@nyu.edu,Female,Ford,Torino,1970
677,Corenda,Mumbray,cmumbrayis@jalbum.net,Female,Honda,Prelude,1994
678,Abdel,Barta,abartait@fda.gov,Male,Subaru,Impreza,2008
679,Lizzie,Gallagher,lgallagheriu@nifty.com,Female,Infiniti,IPL G,2011
680,Joela,Rault,jraultiv@scribd.com,Female,Mercedes-Benz,E-Class,1990
681,Adham,Waterhouse,awaterhouseiw@businessinsider.com,Male,Kia,Sportage,2009
682,Adriana,Kermannes,akermannesix@ftc.gov,Female,Nissan,Altima,2001
683,Teador,Capener,tcapeneriy@youku.com,Male,Land Rover,LR2,2010
684,Jasmin,Berry,jberryiz@stumbleupon.com,Female,Mitsubishi,Pajero,1994
685,Kassie,Stredder,kstredderj0@vk.com,Female,Mercury,Grand Marquis,2005
686,Alix,Frammingham,aframminghamj1@biglobe.ne.jp,Male,Oldsmobile,Cutlass Cruiser,1994
687,Odell,Buston,obustonj2@walmart.com,Male,Jeep,Patriot,2007
688,Karina,Bertelsen,kbertelsenj3@comcast.net,Female,Mitsubishi,Montero,1992
689,Barbie,Micheli,bmichelij4@google.com.au,Female,Chevrolet,Impala,1994
690,Marian,Parlott,mparlottj5@oakley.com,Female,Dodge,Ram 1500 Club,2000
691,Kalinda,Merington,kmeringtonj6@yellowpages.com,Female,Ford,Expedition EL,2009
692,Nigel,Gratrex,ngratrexj7@usnews.com,Male,Mercedes-Benz,E-Class,1991
693,Fran,Kunz,fkunzj8@1und1.de,Polygender,Mercedes-Benz,CLK-Class,1999
694,Stevie,Mugridge,smugridgej9@ezinearticles.com,Non-binary,Scion,xD,2010
695,Morna,Pfeffer,mpfefferja@fda.gov,Female,Ford,Econoline E350,2000
696,Ari,Puttnam,aputtnamjb@dedecms.com,Male,Subaru,Baja,2003
697,Wakefield,McNeish,wmcneishjc@freewebs.com,Male,Mercedes-Benz,M-Class,2008
698,Rossy,Weekes,rweekesjd@shinystat.com,Male,Chrysler,PT Cruiser,2002
699,Di,Newing,dnewingje@spotify.com,Female,Oldsmobile,Bravada,2003
700,Whitby,Cutting,wcuttingjf@godaddy.com,Male,Oldsmobile,88,1996
701,Thain,Adey,tadeyjg@free.fr,Male,Nissan,Pathfinder Armada,2004
702,Jorge,MacConnel,jmacconneljh@nytimes.com,Male,Mitsubishi,Starion,1989
703,Timmi,Fedoronko,tfedoronkoji@economist.com,Female,Volkswagen,CC,2013
704,Jackelyn,Epilet,jepiletjj@trellian.com,Female,Jaguar,X-Type,2002
705,Arleyne,McGebenay,amcgebenayjk@home.pl,Female,BMW,Z8,2001
706,Sidney,Gregs,sgregsjl@goodreads.com,Male,Volkswagen,Jetta,1993
707,Matthus,Peace,mpeacejm@huffingtonpost.com,Male,Acura,TL,2004
708,Yetty,Tieman,ytiemanjn@vk.com,Female,Toyota,Tundra,2009
709,Salaidh,Lutz,slutzjo@google.ru,Female,Ford,E150,2003
710,Alastair,Courtese,acourtesejp@accuweather.com,Male,GMC,Yukon,2003
711,Thomas,Besnard,tbesnardjq@newyorker.com,Male,Mitsubishi,GTO,1996
712,Dorolice,Twigge,dtwiggejr@census.gov,Female,Subaru,Forester,2005
713,Christophe,Woosnam,cwoosnamjs@i2i.jp,Male,GMC,Acadia,2010
714,Roxine,Mc Carroll,rmccarrolljt@mashable.com,Female,Subaru,Legacy,2011
715,Fanchon,Snufflebottom,fsnufflebottomju@devhub.com,Female,Honda,Accord,1998
716,Sarita,Heugel,sheugeljv@wp.com,Female,Mercedes-Benz,W126,1983
717,Minette,Heddy,mheddyjw@salon.com,Female,MINI,Cooper,2006
718,Lucila,Boothebie,lboothebiejx@netscape.com,Female,Ford,Ranger,2000
719,Madlin,Blackbrough,mblackbroughjy@sciencedirect.com,Female,Dodge,Grand Caravan,2004
720,Augie,Ferronel,aferroneljz@blog.com,Genderqueer,Toyota,MR2,1992
721,Welsh,Bickersteth,wbickerstethk0@mapy.cz,Male,Mitsubishi,Outlander,2009
722,Danielle,Bodycombe,dbodycombek1@ning.com,Female,Mazda,MX-5,1999
723,Malory,Essberger,messbergerk2@t-online.de,Female,Honda,Ridgeline,2008
724,Margaux,Ragless,mraglessk3@reuters.com,Female,Saturn,VUE,2004
725,Reuben,Beckson,rbecksonk4@soup.io,Agender,Ford,Thunderbird,2003
726,Ross,Peattie,rpeattiek5@reverbnation.com,Male,Hyundai,Azera,2011
727,Mamie,Molnar,mmolnark6@state.gov,Female,BMW,Z4,2003
728,Michell,Efford,meffordk7@deliciousdays.com,Female,Austin,Mini Cooper,1961
729,Weylin,O'Hanley,wohanleyk8@addthis.com,Male,Lexus,RX,2012
730,Quent,Hyndson,qhyndsonk9@msu.edu,Male,Hyundai,Elantra,1994
731,Alvan,Hardi,ahardika@technorati.com,Male,Subaru,Legacy,1993
732,Spense,Bratch,sbratchkb@springer.com,Agender,Porsche,928,1987
733,Godart,Pateman,gpatemankc@unicef.org,Male,Plymouth,Voyager,2000
734,Archibald,Mephan,amephankd@icio.us,Male,Acura,RL,2004
735,Brynne,Kenryd,bkenrydke@scientificamerican.com,Female,Toyota,Corolla,1995
736,Miguel,Hellis,mhelliskf@t.co,Male,Volkswagen,Passat,2010
737,Gusta,Wingeatt,gwingeattkg@msn.com,Female,Audi,Quattro,1985
738,Codie,Van Merwe,cvanmerwekh@sciencedirect.com,Female,Mazda,Millenia,1996
739,Bronnie,Keher,bkeherki@un.org,Male,Saab,900,1999
740,Katrinka,Pedron,kpedronkj@dailymotion.com,Female,Plymouth,Acclaim,1994
741,Phillie,Clewlow,pclewlowkk@gizmodo.com,Female,Buick,Riviera,1992
742,Gunther,Goalley,ggoalleykl@eepurl.com,Male,Mercedes-Benz,CL-Class,2010
743,Baudoin,Spriggs,bspriggskm@diigo.com,Male,Cadillac,CTS-V,2007
744,Maury,Broggio,mbroggiokn@nih.gov,Male,Nissan,Quest,2008
745,Mela,Sisse,msisseko@ibm.com,Female,Buick,Regal,1992
746,Baron,Slate,bslatekp@networkadvertising.org,Male,Volvo,V40,2002
747,Dwain,Swanger,dswangerkq@wsj.com,Male,Cadillac,Escalade,2011
748,Abrahan,Govinlock,agovinlockkr@google.es,Male,Nissan,Sentra,1998
749,Rock,Tarn,rtarnks@cafepress.com,Male,Volvo,S40,2003
750,Malissia,Yukhnin,myukhninkt@nifty.com,Female,Dodge,Dakota Club,2007
751,Violetta,Gonnin,vgonninku@cafepress.com,Female,Oldsmobile,88,1999
752,Salvatore,Samworth,ssamworthkv@mapy.cz,Male,Ford,Taurus,2013
753,Geoff,McVeigh,gmcveighkw@free.fr,Male,Oldsmobile,Alero,2002
754,Karalee,Henzer,khenzerkx@mashable.com,Female,Mercury,Topaz,1992
755,Haskell,Gyrgorwicx,hgyrgorwicxky@cnet.com,Agender,Honda,Accord,1983
756,Wilone,Rouby,wroubykz@soup.io,Female,Mitsubishi,Pajero,2006
757,Gene,Menichelli,gmenichellil0@goodreads.com,Female,Mazda,MX-3,1993
758,Dario,Abramson,dabramsonl1@jalbum.net,Male,Chevrolet,Corvette,1985
759,Ashlen,Andreu,aandreul2@goo.ne.jp,Polygender,Volkswagen,Scirocco,1984
760,Irita,Gavrielly,igavriellyl3@tinyurl.com,Agender,Nissan,Quest,2008
761,Andrej,Robertis,arobertisl4@typepad.com,Male,Pontiac,Bonneville,2003
762,Cordie,Halvorsen,chalvorsenl5@yelp.com,Female,Chevrolet,S10,2001
763,Barnabe,Petrillo,bpetrillol6@unblog.fr,Male,Mazda,626,1997
764,Estele,Furnival,efurnivall7@independent.co.uk,Female,Mercury,Grand Marquis,1995
765,Marline,Yesinin,myesininl8@earthlink.net,Polygender,Porsche,911,1989
766,Armand,Ditzel,aditzell9@newyorker.com,Genderfluid,Mitsubishi,Montero Sport,1999
767,Orelle,Plak,oplakla@archive.org,Female,Lincoln,Navigator L,2012
768,Micki,Richarz,mricharzlb@unicef.org,Female,Mercedes-Benz,600SEL,1992
769,Eamon,Sydney,esydneylc@nytimes.com,Male,Jaguar,S-Type,2001
770,Roderigo,Mathison,rmathisonld@hc360.com,Male,Ford,Ranger,1994
771,Antony,Vasyukhnov,avasyukhnovle@apache.org,Male,Toyota,Solara,2002
772,Jacquenette,Sommerly,jsommerlylf@barnesandnoble.com,Female,Chevrolet,Express 3500,1996
773,Audra,Essery,aesserylg@nba.com,Female,Chevrolet,Suburban 2500,2003
774,Mort,Game,mgamelh@cnn.com,Male,BMW,6 Series,2006
775,Zora,Dormon,zdormonli@arizona.edu,Female,Kia,Rondo,2007
776,Morna,Midson,mmidsonlj@google.ca,Genderqueer,Pontiac,LeMans,1991
777,Barry,Hazleton,bhazletonlk@bluehost.com,Female,GMC,Yukon,2008
778,Retha,Ibbs,ribbsll@barnesandnoble.com,Female,Dodge,Dynasty,1993
779,Sharyl,Egdal,segdallm@newsvine.com,Female,Chevrolet,G-Series G10,1993
780,Loraine,Pigeon,lpigeonln@hud.gov,Female,Dodge,Grand Caravan,1992
781,Katerine,Matussov,kmatussovlo@diigo.com,Female,Ford,LTD,1985
782,Woodrow,Waller-Bridge,wwallerbridgelp@twitter.com,Male,Mercury,Mariner,2010
783,Susanetta,Vedyaev,svedyaevlq@biblegateway.com,Bigender,Ford,Explorer,2000
784,Cullen,Clemencon,cclemenconlr@desdev.cn,Male,Audi,RS 6,2003
785,George,Mettrick,gmettrickls@cbc.ca,Female,Lexus,LX,2013
786,Staffard,Edgley,sedgleylt@delicious.com,Male,Chevrolet,Astro,2000
787,Hulda,Killoran,hkilloranlu@sun.com,Female,Toyota,Yaris,2007
788,Carey,I'anson,ciansonlv@google.co.jp,Male,Chrysler,Sebring,1999
789,Kinna,Charlo,kcharlolw@accuweather.com,Non-binary,Chevrolet,Camaro,2011
790,Shaughn,Rickarsey,srickarseylx@netscape.com,Male,Acura,TL,2006
791,Korey,Le Blond,kleblondly@sbwire.com,Male,Honda,Element,2011
792,Mac,Redbourn,mredbournlz@sfgate.com,Male,Subaru,Alcyone SVX,1997
793,Keen,Hatton,khattonm0@bbc.co.uk,Male,Ford,Explorer,1991
794,Cad,Stelle,cstellem1@hostgator.com,Male,Audi,A4,1997
795,Hanny,Maps,hmapsm2@t-online.de,Female,Cadillac,CTS-V,2009
796,Devlin,Sibson,dsibsonm3@delicious.com,Male,Maserati,Biturbo,1984
797,Christabella,Prawle,cprawlem4@admin.ch,Female,Mazda,323,1995
798,Reeta,Bulman,rbulmanm5@mtv.com,Female,BMW,M,2000
799,Virge,Consadine,vconsadinem6@theguardian.com,Male,Ford,Aspire,1994
800,Orion,Kenford,okenfordm7@npr.org,Male,Volkswagen,Golf,1983
801,Avictor,Aspinwall,aaspinwallm8@ebay.com,Male,Mazda,Familia,1986
802,Bobbette,Doe,bdoem9@state.tx.us,Female,Dodge,Ram 1500 Club,1997
803,Bryna,Iwaszkiewicz,biwaszkiewiczma@weather.com,Female,Ford,ZX2,2002
804,Fernando,Follows,ffollowsmb@infoseek.co.jp,Male,Chevrolet,Suburban,2006
805,Carmina,Robers,crobersmc@phpbb.com,Female,Chevrolet,Express,2011
806,Arte,Knill,aknillmd@sitemeter.com,Male,Lexus,ES,2001
807,Conway,Affuso,caffusome@cbc.ca,Agender,Dodge,Dakota Club,1997
808,Kimberley,MacRory,kmacrorymf@youtu.be,Female,Toyota,Avalon,2004
809,Veronike,Bickerstaff,vbickerstaffmg@sogou.com,Genderfluid,Mitsubishi,Eclipse,2000
810,Beitris,Durston,bdurstonmh@trellian.com,Female,Toyota,Avalon,2004
811,Graeme,Rakestraw,grakestrawmi@techcrunch.com,Male,Mercedes-Benz,M-Class,2001
812,Beckie,Mattaus,bmattausmj@dailymail.co.uk,Female,Subaru,Loyale,1990
813,Orelia,Pybus,opybusmk@google.co.uk,Female,MINI,Clubman,2009
814,Ivory,Endon,iendonml@csmonitor.com,Female,Honda,CR-X,1984
815,Mei,Anderer,manderermm@newyorker.com,Female,BMW,X5,2013
816,Niccolo,Espley,nespleymn@microsoft.com,Male,Chevrolet,3500,1996
817,Gottfried,Drance,gdrancemo@joomla.org,Male,Mazda,CX-7,2010
818,Jerald,Scorthorne,jscorthornemp@oaic.gov.au,Male,Honda,Odyssey,2011
819,Salem,Carlow,scarlowmq@ftc.gov,Male,Maserati,430,1990
820,Tadd,Wearden,tweardenmr@cnet.com,Male,Suzuki,Daewoo Magnus,2005
821,Diarmid,Byrd,dbyrdms@dion.ne.jp,Male,Lexus,LS,2002
822,Gertrudis,Doman,gdomanmt@gnu.org,Female,Ford,F250,2012
823,Donny,Grewe,dgrewemu@nymag.com,Male,Chevrolet,Corvette,1995
824,Al,Romanetti,aromanettimv@eepurl.com,Male,Ford,Expedition,2006
825,Dale,Eyer,deyermw@blog.com,Male,Ford,Escort,1988
826,Pepillo,Siege,psiegemx@yolasite.com,Male,Maserati,Quattroporte,2009
827,Mirilla,Bettison,mbettisonmy@nsw.gov.au,Female,BMW,X5,2002
828,Cookie,Paschek,cpaschekmz@last.fm,Female,Ford,E150,1984
829,Pedro,Kneal,pknealn0@ebay.com,Male,Mitsubishi,Pajero,1987
830,Kylynn,Ludman,kludmann1@i2i.jp,Female,Buick,Riviera,1992
831,Hattie,Trembey,htrembeyn2@tinypic.com,Female,Lexus,ES,2009
832,Natty,Muff,nmuffn3@addtoany.com,Male,Oldsmobile,98,1994
833,Kippar,Jeune,kjeunen4@umich.edu,Male,Mercury,Villager,1993
834,Arvie,Chestney,achestneyn5@ca.gov,Male,Volkswagen,Cabriolet,1998
835,Odell,Titmus,otitmusn6@wired.com,Male,Volvo,C70,1999
836,Loydie,Plumbridge,lplumbridgen7@mashable.com,Male,Cadillac,CTS-V,2006
837,Goraud,Pettis,gpettisn8@tmall.com,Male,GMC,3500 Club Coupe,1997
838,Lambert,Peaden,lpeadenn9@amazon.com,Male,Ford,Tempo,1990
839,Tito,Ventham,tventhamna@forbes.com,Bigender,Buick,Park Avenue,1994
840,Lucia,Rawls,lrawlsnb@china.com.cn,Female,Lexus,GS,1995
841,Corabel,Ades,cadesnc@amazon.com,Female,Dodge,Ram 1500,2005
842,Cherish,Dirkin,cdirkinnd@constantcontact.com,Female,GMC,Yukon XL 2500,2000
843,Kiley,O' Dooley,kodooleyne@deviantart.com,Male,Infiniti,G35,2006
844,Aleda,Duesbury,aduesburynf@irs.gov,Female,Pontiac,Montana,2003
845,Peggie,Dartnall,pdartnallng@stumbleupon.com,Female,Mercury,Capri,1992
846,Sheri,MacDermid,smacdermidnh@t.co,Female,Toyota,Solara,2003
847,Marilyn,Wrettum,mwrettumni@imageshack.us,Female,Saturn,S-Series,1994
848,Eustace,Neate,eneatenj@over-blog.com,Male,Ford,E-Series,1995
849,Reginauld,Geraldo,rgeraldonk@flavors.me,Male,Jaguar,XJ Series,2002
850,Ebenezer,Thiolier,ethioliernl@stanford.edu,Male,Volkswagen,Jetta,1986
851,Sofie,Witherden,switherdennm@foxnews.com,Female,Audi,4000s,1986
852,Grete,Verdun,gverdunnn@globo.com,Female,Chevrolet,2500,1999
853,Roslyn,Littledike,rlittledikeno@loc.gov,Female,Honda,Pilot,2008
854,Bernie,Iacomi,biacominp@mapquest.com,Male,Mercedes-Benz,C-Class,2012
855,Alair,Blackaller,ablackallernq@microsoft.com,Non-binary,Mitsubishi,Eclipse,1999
856,Jason,Thomen,jthomennr@digg.com,Male,Pontiac,Grand Am,1995
857,Leyla,Clutterbuck,lclutterbuckns@nyu.edu,Female,GMC,Savana,2007
858,Karry,Bogie,kbogient@indiegogo.com,Female,Volkswagen,GTI,2002
859,Myrwyn,Bendan,mbendannu@fc2.com,Male,Buick,Skylark,1987
860,Giuseppe,Blanden,gblandennv@businessinsider.com,Male,Maybach,Landaulet,2009
861,Orel,Dalligan,odalligannw@imageshack.us,Female,Ford,Fusion,2006
862,Didi,Bruntje,dbruntjenx@gravatar.com,Female,Subaru,Forester,2005
863,Kristal,Sturgeon,ksturgeonny@nsw.gov.au,Female,Buick,Skylark,1986
864,Jasper,Vogele,jvogelenz@storify.com,Male,Chevrolet,Corvette,1986
865,Zonda,Longson,zlongsono0@ehow.com,Female,Mercedes-Benz,E-Class,1987
866,Luce,Dearlove,ldearloveo1@scientificamerican.com,Female,Audi,Cabriolet,1997
867,Aristotle,Abadam,aabadamo2@odnoklassniki.ru,Male,Kia,Sephia,2001
868,Loella,Farquarson,lfarquarsono3@altervista.org,Female,Mercedes-Benz,M-Class,2004
869,Jodee,Barnewall,jbarnewallo4@illinois.edu,Female,Hummer,H2 SUT,2006
870,Luigi,Murricanes,lmurricaneso5@newyorker.com,Male,Cadillac,DeVille,1999
871,Margarete,Horsewood,mhorsewoodo6@ehow.com,Polygender,Ford,Tempo,1988
872,Taddeusz,Rosendorf,trosendorfo7@state.gov,Male,Pontiac,G6,2008
873,Hillyer,Sudy,hsudyo8@360.cn,Male,Chevrolet,3500,1997
874,Shaina,Sothern,ssotherno9@thetimes.co.uk,Female,Chrysler,LeBaron,1993
875,Berte,Gowrie,bgowrieoa@microsoft.com,Female,Volkswagen,Jetta III,1993
876,Shandra,Marcos,smarcosob@wunderground.com,Female,Lexus,LX,2006
877,Shelli,O'Reilly,soreillyoc@who.int,Female,Hyundai,Azera,2010
878,Melessa,Allsop,mallsopod@ameblo.jp,Female,Ford,Escort,1996
879,Cleveland,Gyngyll,cgyngylloe@cloudflare.com,Male,GMC,Terrain,2011
880,Marlee,Samsworth,msamsworthof@businessinsider.com,Female,Nissan,Quest,2007
881,Martainn,Barnewall,mbarnewallog@pen.io,Male,Kia,Sportage,2012
882,Joyous,Coopey,jcoopeyoh@aol.com,Female,Toyota,Camry,1992
883,Elena,Lievesley,elievesleyoi@google.com.br,Female,Lotus,Exige,2009
884,Brook,Elan,belanoj@live.com,Female,Ford,Expedition,2001
885,Myrlene,De Cristofalo,mdecristofalook@ca.gov,Female,Ford,Explorer Sport Trac,2005
886,Pavia,Hinzer,phinzerol@seattletimes.com,Bigender,Acura,TL,2000
887,Wes,Gribble,wgribbleom@icq.com,Male,Suzuki,Esteem,1995
888,Aron,Haburne,ahaburneon@miitbeian.gov.cn,Male,Honda,del Sol,1997
889,Mason,Banner,mbanneroo@state.tx.us,Male,Aston Martin,V8 Vantage S,2012
890,Husain,Aspinall,haspinallop@homestead.com,Male,Honda,Passport,2001
891,Dianne,MacKenney,dmackenneyoq@phoca.cz,Female,GMC,Savana 3500,1998
892,Quint,Filtness,qfiltnessor@goo.ne.jp,Male,Volvo,C70,2011
893,Carissa,Ovid,covidos@cam.ac.uk,Female,Mazda,B-Series,1993
894,Griselda,Beardsworth,gbeardsworthot@archive.org,Female,Dodge,Ram 50,1993
895,Mikael,Evitts,mevittsou@timesonline.co.uk,Male,Toyota,4Runner,2005
896,Marjie,Sharpley,msharpleyov@ebay.com,Female,Buick,Regal,1997
897,Sosanna,Medlicott,smedlicottow@telegraph.co.uk,Female,Mitsubishi,Cordia,1987
898,Dyanne,Mogie,dmogieox@stumbleupon.com,Female,Mitsubishi,Pajero,2002
899,Grete,Walpole,gwalpoleoy@npr.org,Female,Ford,Bronco,1990
900,Sinclair,Mowatt,smowattoz@engadget.com,Male,Dodge,Intrepid,2003
901,Angelico,Forker,aforkerp0@geocities.com,Male,Mitsubishi,Endeavor,2010
902,Amaleta,Klaus,aklausp1@newsvine.com,Female,Ford,Explorer Sport Trac,2001
903,Gherardo,Stanlake,gstanlakep2@mit.edu,Male,Oldsmobile,Silhouette,1993
904,Anne-corinne,Cathesyed,acathesyedp3@free.fr,Female,Land Rover,Discovery,2008
905,Brnaby,Valentelli,bvalentellip4@wufoo.com,Male,Lamborghini,Diablo,1997
906,Piper,Chalfain,pchalfainp5@zdnet.com,Female,Chrysler,Concorde,1996
907,Suzanna,MacMaster,smacmasterp6@sbwire.com,Female,Toyota,Tacoma,1998
908,Tova,Hoofe,thoofep7@yahoo.com,Female,Mitsubishi,RVR,1995
909,Salome,Paylor,spaylorp8@tripod.com,Female,Mercury,Grand Marquis,2009
910,Celle,Mattiuzzi,cmattiuzzip9@stumbleupon.com,Female,Isuzu,Amigo,1999
911,Wenonah,Simenot,wsimenotpa@geocities.jp,Female,Toyota,Prius,2009
912,Ula,MacFayden,umacfaydenpb@walmart.com,Female,Isuzu,Ascender,2005
913,Joyous,Mearns,jmearnspc@1und1.de,Genderqueer,Dodge,Ram 3500,1997
914,Clovis,Westbrook,cwestbrookpd@nifty.com,Female,Chrysler,PT Cruiser,2001
915,Dennet,Dawley,ddawleype@netvibes.com,Male,Suzuki,SJ,1985
916,Pennie,De Laspee,pdelaspeepf@google.it,Female,Toyota,Camry,1993
917,Dannye,Hevner,dhevnerpg@cloudflare.com,Female,Mercedes-Benz,C-Class,2011
918,Casie,Brown,cbrownph@army.mil,Female,Mazda,RX-7,1987
919,Thorstein,Snoddy,tsnoddypi@blogtalkradio.com,Male,Oldsmobile,Toronado,1992
920,Andros,Gomez,agomezpj@fastcompany.com,Male,Dodge,Neon,2003
921,Neysa,Gresch,ngreschpk@lycos.com,Female,Ford,E-Series,2012
922,Dom,Ginnety,dginnetypl@feedburner.com,Male,Volkswagen,Type 2,1987
923,Stefano,Gobbett,sgobbettpm@pen.io,Male,Alfa Romeo,164,1993
924,Brianna,Garbott,bgarbottpn@purevolume.com,Female,Nissan,Armada,2011
925,Bordie,Ghirardi,bghirardipo@google.it,Male,GMC,Vandura G2500,1995
926,Murry,Ruseworth,mruseworthpp@delicious.com,Male,Buick,Riviera,1988
927,Bernadette,MacAne,bmacanepq@foxnews.com,Female,Chrysler,200,2011
928,Eberto,Posvner,eposvnerpr@marriott.com,Male,Cadillac,CTS,2004
929,Minnaminnie,Bavridge,mbavridgeps@vinaora.com,Female,Oldsmobile,Intrigue,2002
930,Cyrille,Ardling,cardlingpt@bloglovin.com,Male,Chrysler,Aspen,2009
931,Darby,Shawley,dshawleypu@tripadvisor.com,Female,Ford,F250,2007
932,Eva,Eaglestone,eeaglestonepv@mapy.cz,Female,Nissan,Sentra,1996
933,Jabez,Farnell,jfarnellpw@comcast.net,Male,Pontiac,Torrent,2009
934,Daune,Behnecke,dbehneckepx@google.cn,Non-binary,Ford,Econoline E150,1995
935,Claus,Marde,cmardepy@tinypic.com,Male,Toyota,4Runner,2002
936,Zechariah,McQuaker,zmcquakerpz@spotify.com,Male,Pontiac,Sunfire,1999
937,Findley,Carrivick,fcarrivickq0@admin.ch,Male,Ford,Fairlane,1966
938,Aleda,Porcas,aporcasq1@addtoany.com,Female,Mitsubishi,Starion,1989
939,Brigitta,Heatlie,bheatlieq2@marriott.com,Female,Ford,Expedition,2005
940,Gillan,Hearle,ghearleq3@webeden.co.uk,Female,Volkswagen,GTI,1993
941,Caleb,Orrock,corrockq4@photobucket.com,Male,Ford,Club Wagon,1998
942,Erik,Van Leeuwen,evanleeuwenq5@marketwatch.com,Bigender,Volvo,S80,2002
943,Patrice,Kingsnod,pkingsnodq6@globo.com,Male,Maybach,57S,2005
944,Hakim,Simoneton,hsimonetonq7@phpbb.com,Male,Pontiac,Trans Sport,1990
945,Hazlett,Janaszkiewicz,hjanaszkiewiczq8@blogs.com,Male,Audi,A6,2011
946,Robbyn,Rides,rridesq9@ocn.ne.jp,Female,Acura,Integra,1997
947,Obadias,Dessent,odessentqa@wufoo.com,Male,Saturn,Astra,2009
948,Jerri,Ivimy,jivimyqb@latimes.com,Agender,Nissan,300ZX,1991
949,Jerrie,Hritzko,jhritzkoqc@marriott.com,Male,Cadillac,DeVille,1994
950,Raddie,Jorge,rjorgeqd@google.fr,Male,Saab,9000,1995
951,Nickey,Franklin,nfranklinqe@forbes.com,Male,BMW,X5,2000
952,Luisa,Hughlin,lhughlinqf@vk.com,Genderfluid,Ford,Bronco,1984
953,Hayes,Radish,hradishqg@mlb.com,Male,Kia,Sorento,2005
954,Ingram,Ferrers,iferrersqh@furl.net,Male,Dodge,Challenger,2011
955,Fawn,Lordon,flordonqi@flickr.com,Female,Mazda,MX-5,1994
956,Emeline,Schieferstein,eschiefersteinqj@geocities.jp,Female,Isuzu,Rodeo,2001
957,Pavel,Dewbury,pdewburyqk@51.la,Genderfluid,Kia,Rio,2010
958,Huntley,Janusz,hjanuszql@mayoclinic.com,Male,Toyota,Land Cruiser,2004
959,Hedwig,Stoker,hstokerqm@amazon.de,Female,Volkswagen,Passat,1987
960,Georgy,Aylesbury,gaylesburyqn@discuz.net,Male,Audi,A5,2009
961,Sheela,Giannazzo,sgiannazzoqo@google.com,Female,Toyota,T100 Xtra,1998
962,Mitzi,Zimek,mzimekqp@ucsd.edu,Female,Volvo,850,1997
963,Cameron,Pherps,cpherpsqq@columbia.edu,Male,Lexus,GX,2011
964,Ansel,Eyckelberg,aeyckelbergqr@themeforest.net,Male,Maserati,Quattroporte,1986
965,Layla,Westphal,lwestphalqs@nytimes.com,Female,Chevrolet,Malibu,2008
966,Elmer,Sedworth,esedworthqt@eepurl.com,Male,Kia,Sportage,2005
967,Filmore,Hannant,fhannantqu@cyberchimps.com,Male,Hyundai,Tucson,2008
968,Nanci,Lucy,nlucyqv@sina.com.cn,Female,Infiniti,QX56,2008
969,Carolynn,Linebarger,clinebargerqw@nydailynews.com,Female,Dodge,Ram,1994
970,Rolph,Ojeda,rojedaqx@networksolutions.com,Male,Infiniti,Q,2001
971,Halli,Neeves,hneevesqy@exblog.jp,Female,Volkswagen,rio,2000
972,Waylen,Glendza,wglendzaqz@tripod.com,Male,Ford,Five Hundred,2006
973,Jo-anne,Carvill,jcarvillr0@about.me,Female,Mazda,Mazdaspeed 3,2008
974,Alejandro,Price,apricer1@naver.com,Male,Hyundai,Azera,2008
975,Mischa,Biernat,mbiernatr2@walmart.com,Male,Ford,Focus,2006
976,Costa,Ravens,cravensr3@dell.com,Male,Land Rover,LR3,2006
977,Husain,Gristock,hgristockr4@europa.eu,Male,Nissan,Sentra,2011
978,Rosalyn,Blumson,rblumsonr5@addtoany.com,Female,Cadillac,Fleetwood,1995
979,Lonny,Sunnex,lsunnexr6@yelp.com,Male,Dodge,Dakota,2006
980,De witt,Hyrons,dhyronsr7@kickstarter.com,Male,Chevrolet,Corvair,1960
981,Vlad,Winspeare,vwinspearer8@yelp.com,Male,Ford,ZX2,2002
982,Mala,Coffey,mcoffeyr9@businessweek.com,Female,Saab,9-5,1999
983,Erick,Matyasik,ematyasikra@canalblog.com,Male,Ford,Econoline E150,1996
984,Karissa,Silbersak,ksilbersakrb@mozilla.com,Female,Toyota,Avalon,1995
985,Vail,Cello,vcellorc@hc360.com,Male,BMW,525,2003
986,Murdoch,McVicker,mmcvickerrd@microsoft.com,Male,GMC,Sonoma Club Coupe,1997
987,Lucila,De Ruggero,lderuggerore@fda.gov,Female,Acura,Integra,1995
988,Lorettalorna,Blaymires,lblaymiresrf@economist.com,Female,Chevrolet,Silverado 1500,2012
989,Shane,Denisard,sdenisardrg@weather.com,Male,Ford,Econoline E150,1999
990,Ramonda,Cohan,rcohanrh@chicagotribune.com,Female,Oldsmobile,Intrigue,1998
991,Norrie,Marchbank,nmarchbankri@usda.gov,Female,Chevrolet,Avalanche,2010
992,Currey,Ector,cectorrj@webmd.com,Male,Volvo,XC70,2010
993,Marcella,Stonner,mstonnerrk@pagesperso-orange.fr,Bigender,Mercury,Mountaineer,2002
994,Becki,Tippetts,btippettsrl@istockphoto.com,Female,BMW,Z3,1999
995,Eben,Jaslem,ejaslemrm@shop-pro.jp,Male,Chevrolet,Silverado 1500,2006
996,Gerry,Hanning,ghanningrn@xrea.com,Female,Pontiac,Monterey,2005
997,Kippy,Maunders,kmaundersro@scientificamerican.com,Female,Suzuki,XL-7,2005
998,Brucie,Boughey,bbougheyrp@state.tx.us,Male,Subaru,Leone,1988
999,Benedict,Sherwell,bsherwellrq@twitter.com,Male,Mazda,RX-7,1995
1000,Addie,Grinter,agrinterrr@netlog.com,Male,Volvo,XC90,2006
